


=============================
  Problem ID: 1

        Provider: [1;37mCUTLASS[0m
   OperationKind: [1;37mgemm[0m
       Operation: cutlass_tensorop_s1688gemm_f16_256x128_32x2_nt_align8

          Status: [1;37mSuccess[0m
    Verification: [1;37mON[0m
     Disposition: [1;32mPassed[0m

reference_device: Passed
          cuBLAS: Not run
           cuDNN: Not run

       Arguments: --gemm_kind=universal --m=16384 --n=16384 --k=16384 --A=f16:column --B=f16:row --C=f32:column --D=f32:column  \
                  --alpha=1 --beta=0 --split_k_mode=serial --split_k_slices=1 --batch_count=1 --raster_order=heuristic  \
                  --runtime_input_datatype_a=invalid --runtime_input_datatype_b=invalid --use_pdl=false --enable_sm90_mixed_dtype_shuffle_test=false  \
                  --swizzle_size=1 --op_class=tensorop --accum=f32 --cta_m=256 --cta_n=128 --cta_k=32 --cluster_m=1 --cluster_n=1  \
                  --cluster_k=1 --cluster_m_fallback=1 --cluster_n_fallback=1 --cluster_k_fallback=1 --stages=2 --warps_m=4  \
                  --warps_n=2 --warps_k=1 --inst_m=16 --inst_n=8 --inst_k=8 --min_cc=75 --max_cc=1024

           Bytes: 2147483648  bytes
           FLOPs: 8796629893120  flops
           FLOPs/Byte: 4096

         Runtime: 31.9486  ms
          Memory: 62.6005 GiB/s

            Math: 275337 GFLOP/s



=============================
  Problem ID: 1

        Provider: [1;37mCUTLASS[0m
   OperationKind: [1;37mgemm[0m
       Operation: cutlass_tensorop_s16816gemm_f16_256x128_32x3_nt_align8

          Status: [1;37mSuccess[0m
    Verification: [1;37mON[0m
     Disposition: [1;32mPassed[0m

reference_device: Passed
          cuBLAS: Not run
           cuDNN: Not run

       Arguments: --gemm_kind=universal --m=16384 --n=16384 --k=16384 --A=f16:column --B=f16:row --C=f32:column --D=f32:column  \
                  --alpha=1 --beta=0 --split_k_mode=serial --split_k_slices=1 --batch_count=1 --raster_order=heuristic  \
                  --runtime_input_datatype_a=invalid --runtime_input_datatype_b=invalid --use_pdl=false --enable_sm90_mixed_dtype_shuffle_test=false  \
                  --swizzle_size=1 --op_class=tensorop --accum=f32 --cta_m=256 --cta_n=128 --cta_k=32 --cluster_m=1 --cluster_n=1  \
                  --cluster_k=1 --cluster_m_fallback=1 --cluster_n_fallback=1 --cluster_k_fallback=1 --stages=3 --warps_m=4  \
                  --warps_n=2 --warps_k=1 --inst_m=16 --inst_n=8 --inst_k=16 --min_cc=80 --max_cc=1024

           Bytes: 2147483648  bytes
           FLOPs: 8796629893120  flops
           FLOPs/Byte: 4096

         Runtime: 16.3225  ms
          Memory: 122.53 GiB/s

            Math: 538927 GFLOP/s


=============================

CSV Results:

Problem,Provider,OperationKind,Operation,Disposition,Status,gemm_kind,m,n,k,A,B,C,D,alpha,beta,split_k_mode,split_k_slices,batch_count,raster_order,runtime_input_datatype_a,runtime_input_datatype_b,use_pdl,enable_sm90_mixed_dtype_shuffle_test,swizzle_size,op_class,accum,cta_m,cta_n,cta_k,cluster_m,cluster_n,cluster_k,cluster_m_fallback,cluster_n_fallback,cluster_k_fallback,stages,warps_m,warps_n,warps_k,inst_m,inst_n,inst_k,min_cc,max_cc,Bytes,Flops,Flops/Byte,Runtime,GB/s,GFLOPs
1,CUTLASS,gemm,cutlass_tensorop_s1688gemm_f16_256x128_32x2_nt_align8,passed,success,universal,16384,16384,16384,f16:column,f16:row,f32:column,f32:column,1,0,serial,1,1,heuristic,invalid,invalid,false,false,1,tensorop,f32,256,128,32,1,1,1,1,1,1,2,4,2,1,16,8,8,75,1024,2147483648,8796629893120,4096,31.9486,62.6005,275337
1,CUTLASS,gemm,cutlass_tensorop_s16816gemm_f16_256x128_32x3_nt_align8,passed,success,universal,16384,16384,16384,f16:column,f16:row,f32:column,f32:column,1,0,serial,1,1,heuristic,invalid,invalid,false,false,1,tensorop,f32,256,128,32,1,1,1,1,1,1,3,4,2,1,16,8,16,80,1024,2147483648,8796629893120,4096,16.3225,122.53,538927



=============================
  Problem ID: 1

        Provider: [1;37mCUTLASS[0m
   OperationKind: [1;37mgemm[0m
       Operation: cutlass_tensorop_s1688gemm_f16_256x128_32x2_nt_align8

          Status: [1;37mSuccess[0m
    Verification: [1;37mON[0m
     Disposition: [1;32mPassed[0m

reference_device: Passed
          cuBLAS: Not run
           cuDNN: Not run

       Arguments: --gemm_kind=universal --m=16384 --n=16384 --k=16384 --A=f16:column --B=f16:row --C=f32:column --D=f32:column  \
                  --alpha=1 --beta=0 --split_k_mode=serial --split_k_slices=1 --batch_count=1 --raster_order=heuristic  \
                  --runtime_input_datatype_a=invalid --runtime_input_datatype_b=invalid --use_pdl=false --enable_sm90_mixed_dtype_shuffle_test=false  \
                  --swizzle_size=1 --op_class=tensorop --accum=f32 --cta_m=256 --cta_n=128 --cta_k=32 --cluster_m=1 --cluster_n=1  \
                  --cluster_k=1 --cluster_m_fallback=1 --cluster_n_fallback=1 --cluster_k_fallback=1 --stages=2 --warps_m=4  \
                  --warps_n=2 --warps_k=1 --inst_m=16 --inst_n=8 --inst_k=8 --min_cc=75 --max_cc=1024

           Bytes: 2147483648  bytes
           FLOPs: 8796629893120  flops
           FLOPs/Byte: 4096

         Runtime: 31.9471  ms
          Memory: 62.6035 GiB/s

            Math: 275350 GFLOP/s



=============================
  Problem ID: 1

        Provider: [1;37mCUTLASS[0m
   OperationKind: [1;37mgemm[0m
       Operation: cutlass_tensorop_s16816gemm_f16_256x128_32x3_nt_align8

          Status: [1;37mSuccess[0m
    Verification: [1;37mON[0m
     Disposition: [1;32mPassed[0m

reference_device: Passed
          cuBLAS: Not run
           cuDNN: Not run

       Arguments: --gemm_kind=universal --m=16384 --n=16384 --k=16384 --A=f16:column --B=f16:row --C=f32:column --D=f32:column  \
                  --alpha=1 --beta=0 --split_k_mode=serial --split_k_slices=1 --batch_count=1 --raster_order=heuristic  \
                  --runtime_input_datatype_a=invalid --runtime_input_datatype_b=invalid --use_pdl=false --enable_sm90_mixed_dtype_shuffle_test=false  \
                  --swizzle_size=1 --op_class=tensorop --accum=f32 --cta_m=256 --cta_n=128 --cta_k=32 --cluster_m=1 --cluster_n=1  \
                  --cluster_k=1 --cluster_m_fallback=1 --cluster_n_fallback=1 --cluster_k_fallback=1 --stages=3 --warps_m=4  \
                  --warps_n=2 --warps_k=1 --inst_m=16 --inst_n=8 --inst_k=16 --min_cc=80 --max_cc=1024

           Bytes: 2147483648  bytes
           FLOPs: 8796629893120  flops
           FLOPs/Byte: 4096

         Runtime: 16.3242  ms
          Memory: 122.517 GiB/s

            Math: 538870 GFLOP/s


=============================

CSV Results:

Problem,Provider,OperationKind,Operation,Disposition,Status,gemm_kind,m,n,k,A,B,C,D,alpha,beta,split_k_mode,split_k_slices,batch_count,raster_order,runtime_input_datatype_a,runtime_input_datatype_b,use_pdl,enable_sm90_mixed_dtype_shuffle_test,swizzle_size,op_class,accum,cta_m,cta_n,cta_k,cluster_m,cluster_n,cluster_k,cluster_m_fallback,cluster_n_fallback,cluster_k_fallback,stages,warps_m,warps_n,warps_k,inst_m,inst_n,inst_k,min_cc,max_cc,Bytes,Flops,Flops/Byte,Runtime,GB/s,GFLOPs
1,CUTLASS,gemm,cutlass_tensorop_s1688gemm_f16_256x128_32x2_nt_align8,passed,success,universal,16384,16384,16384,f16:column,f16:row,f32:column,f32:column,1,0,serial,1,1,heuristic,invalid,invalid,false,false,1,tensorop,f32,256,128,32,1,1,1,1,1,1,2,4,2,1,16,8,8,75,1024,2147483648,8796629893120,4096,31.9471,62.6035,275350
1,CUTLASS,gemm,cutlass_tensorop_s16816gemm_f16_256x128_32x3_nt_align8,passed,success,universal,16384,16384,16384,f16:column,f16:row,f32:column,f32:column,1,0,serial,1,1,heuristic,invalid,invalid,false,false,1,tensorop,f32,256,128,32,1,1,1,1,1,1,3,4,2,1,16,8,16,80,1024,2147483648,8796629893120,4096,16.3242,122.517,538870



=============================
  Problem ID: 1

        Provider: [1;37mCUTLASS[0m
   OperationKind: [1;37mgemm[0m
       Operation: cutlass_tensorop_s1688gemm_f16_256x128_32x2_nt_align8

          Status: [1;37mSuccess[0m
    Verification: [1;37mON[0m
     Disposition: [1;32mPassed[0m

reference_device: Passed
          cuBLAS: Not run
           cuDNN: Not run

       Arguments: --gemm_kind=universal --m=16384 --n=16384 --k=16384 --A=f16:column --B=f16:row --C=f32:column --D=f32:column  \
                  --alpha=1 --beta=0 --split_k_mode=serial --split_k_slices=1 --batch_count=1 --raster_order=heuristic  \
                  --runtime_input_datatype_a=invalid --runtime_input_datatype_b=invalid --use_pdl=false --enable_sm90_mixed_dtype_shuffle_test=false  \
                  --swizzle_size=1 --op_class=tensorop --accum=f32 --cta_m=256 --cta_n=128 --cta_k=32 --cluster_m=1 --cluster_n=1  \
                  --cluster_k=1 --cluster_m_fallback=1 --cluster_n_fallback=1 --cluster_k_fallback=1 --stages=2 --warps_m=4  \
                  --warps_n=2 --warps_k=1 --inst_m=16 --inst_n=8 --inst_k=8 --min_cc=75 --max_cc=1024

           Bytes: 2147483648  bytes
           FLOPs: 8796629893120  flops
           FLOPs/Byte: 4096

         Runtime: 31.948  ms
          Memory: 62.6017 GiB/s

            Math: 275342 GFLOP/s



=============================
  Problem ID: 1

        Provider: [1;37mCUTLASS[0m
   OperationKind: [1;37mgemm[0m
       Operation: cutlass_tensorop_s16816gemm_f16_256x128_32x3_nt_align8

          Status: [1;37mSuccess[0m
    Verification: [1;37mON[0m
     Disposition: [1;32mPassed[0m

reference_device: Passed
          cuBLAS: Not run
           cuDNN: Not run

       Arguments: --gemm_kind=universal --m=16384 --n=16384 --k=16384 --A=f16:column --B=f16:row --C=f32:column --D=f32:column  \
                  --alpha=1 --beta=0 --split_k_mode=serial --split_k_slices=1 --batch_count=1 --raster_order=heuristic  \
                  --runtime_input_datatype_a=invalid --runtime_input_datatype_b=invalid --use_pdl=false --enable_sm90_mixed_dtype_shuffle_test=false  \
                  --swizzle_size=1 --op_class=tensorop --accum=f32 --cta_m=256 --cta_n=128 --cta_k=32 --cluster_m=1 --cluster_n=1  \
                  --cluster_k=1 --cluster_m_fallback=1 --cluster_n_fallback=1 --cluster_k_fallback=1 --stages=3 --warps_m=4  \
                  --warps_n=2 --warps_k=1 --inst_m=16 --inst_n=8 --inst_k=16 --min_cc=80 --max_cc=1024

           Bytes: 2147483648  bytes
           FLOPs: 8796629893120  flops
           FLOPs/Byte: 4096

         Runtime: 16.3261  ms
          Memory: 122.503 GiB/s

            Math: 538808 GFLOP/s


=============================

CSV Results:

Problem,Provider,OperationKind,Operation,Disposition,Status,gemm_kind,m,n,k,A,B,C,D,alpha,beta,split_k_mode,split_k_slices,batch_count,raster_order,runtime_input_datatype_a,runtime_input_datatype_b,use_pdl,enable_sm90_mixed_dtype_shuffle_test,swizzle_size,op_class,accum,cta_m,cta_n,cta_k,cluster_m,cluster_n,cluster_k,cluster_m_fallback,cluster_n_fallback,cluster_k_fallback,stages,warps_m,warps_n,warps_k,inst_m,inst_n,inst_k,min_cc,max_cc,Bytes,Flops,Flops/Byte,Runtime,GB/s,GFLOPs
1,CUTLASS,gemm,cutlass_tensorop_s1688gemm_f16_256x128_32x2_nt_align8,passed,success,universal,16384,16384,16384,f16:column,f16:row,f32:column,f32:column,1,0,serial,1,1,heuristic,invalid,invalid,false,false,1,tensorop,f32,256,128,32,1,1,1,1,1,1,2,4,2,1,16,8,8,75,1024,2147483648,8796629893120,4096,31.948,62.6017,275342
1,CUTLASS,gemm,cutlass_tensorop_s16816gemm_f16_256x128_32x3_nt_align8,passed,success,universal,16384,16384,16384,f16:column,f16:row,f32:column,f32:column,1,0,serial,1,1,heuristic,invalid,invalid,false,false,1,tensorop,f32,256,128,32,1,1,1,1,1,1,3,4,2,1,16,8,16,80,1024,2147483648,8796629893120,4096,16.3261,122.503,538808



=============================
  Problem ID: 1

        Provider: [1;37mCUTLASS[0m
   OperationKind: [1;37mgemm[0m
       Operation: cutlass_tensorop_s1688gemm_f16_256x128_32x2_nt_align8

          Status: [1;37mSuccess[0m
    Verification: [1;37mON[0m
     Disposition: [1;32mPassed[0m

reference_device: Passed
          cuBLAS: Not run
           cuDNN: Not run

       Arguments: --gemm_kind=universal --m=16384 --n=16384 --k=16384 --A=f16:column --B=f16:row --C=f32:column --D=f32:column  \
                  --alpha=1 --beta=0 --split_k_mode=serial --split_k_slices=1 --batch_count=1 --raster_order=heuristic  \
                  --runtime_input_datatype_a=invalid --runtime_input_datatype_b=invalid --use_pdl=false --enable_sm90_mixed_dtype_shuffle_test=false  \
                  --swizzle_size=1 --op_class=tensorop --accum=f32 --cta_m=256 --cta_n=128 --cta_k=32 --cluster_m=1 --cluster_n=1  \
                  --cluster_k=1 --cluster_m_fallback=1 --cluster_n_fallback=1 --cluster_k_fallback=1 --stages=2 --warps_m=4  \
                  --warps_n=2 --warps_k=1 --inst_m=16 --inst_n=8 --inst_k=8 --min_cc=75 --max_cc=1024

           Bytes: 2147483648  bytes
           FLOPs: 8796629893120  flops
           FLOPs/Byte: 4096

         Runtime: 31.9473  ms
          Memory: 62.6032 GiB/s

            Math: 275349 GFLOP/s



=============================
  Problem ID: 1

        Provider: [1;37mCUTLASS[0m
   OperationKind: [1;37mgemm[0m
       Operation: cutlass_tensorop_s16816gemm_f16_256x128_32x3_nt_align8

          Status: [1;37mSuccess[0m
    Verification: [1;37mON[0m
     Disposition: [1;32mPassed[0m

reference_device: Passed
          cuBLAS: Not run
           cuDNN: Not run

       Arguments: --gemm_kind=universal --m=16384 --n=16384 --k=16384 --A=f16:column --B=f16:row --C=f32:column --D=f32:column  \
                  --alpha=1 --beta=0 --split_k_mode=serial --split_k_slices=1 --batch_count=1 --raster_order=heuristic  \
                  --runtime_input_datatype_a=invalid --runtime_input_datatype_b=invalid --use_pdl=false --enable_sm90_mixed_dtype_shuffle_test=false  \
                  --swizzle_size=1 --op_class=tensorop --accum=f32 --cta_m=256 --cta_n=128 --cta_k=32 --cluster_m=1 --cluster_n=1  \
                  --cluster_k=1 --cluster_m_fallback=1 --cluster_n_fallback=1 --cluster_k_fallback=1 --stages=3 --warps_m=4  \
                  --warps_n=2 --warps_k=1 --inst_m=16 --inst_n=8 --inst_k=16 --min_cc=80 --max_cc=1024

           Bytes: 2147483648  bytes
           FLOPs: 8796629893120  flops
           FLOPs/Byte: 4096

         Runtime: 16.3253  ms
          Memory: 122.509 GiB/s

            Math: 538835 GFLOP/s


=============================

CSV Results:

Problem,Provider,OperationKind,Operation,Disposition,Status,gemm_kind,m,n,k,A,B,C,D,alpha,beta,split_k_mode,split_k_slices,batch_count,raster_order,runtime_input_datatype_a,runtime_input_datatype_b,use_pdl,enable_sm90_mixed_dtype_shuffle_test,swizzle_size,op_class,accum,cta_m,cta_n,cta_k,cluster_m,cluster_n,cluster_k,cluster_m_fallback,cluster_n_fallback,cluster_k_fallback,stages,warps_m,warps_n,warps_k,inst_m,inst_n,inst_k,min_cc,max_cc,Bytes,Flops,Flops/Byte,Runtime,GB/s,GFLOPs
1,CUTLASS,gemm,cutlass_tensorop_s1688gemm_f16_256x128_32x2_nt_align8,passed,success,universal,16384,16384,16384,f16:column,f16:row,f32:column,f32:column,1,0,serial,1,1,heuristic,invalid,invalid,false,false,1,tensorop,f32,256,128,32,1,1,1,1,1,1,2,4,2,1,16,8,8,75,1024,2147483648,8796629893120,4096,31.9473,62.6032,275349
1,CUTLASS,gemm,cutlass_tensorop_s16816gemm_f16_256x128_32x3_nt_align8,passed,success,universal,16384,16384,16384,f16:column,f16:row,f32:column,f32:column,1,0,serial,1,1,heuristic,invalid,invalid,false,false,1,tensorop,f32,256,128,32,1,1,1,1,1,1,3,4,2,1,16,8,16,80,1024,2147483648,8796629893120,4096,16.3253,122.509,538835



=============================
  Problem ID: 1

        Provider: [1;37mCUTLASS[0m
   OperationKind: [1;37mgemm[0m
       Operation: cutlass_tensorop_s1688gemm_f16_256x128_32x2_nt_align8

          Status: [1;37mSuccess[0m
    Verification: [1;37mON[0m
     Disposition: [1;32mPassed[0m

reference_device: Passed
          cuBLAS: Not run
           cuDNN: Not run

       Arguments: --gemm_kind=universal --m=16384 --n=16384 --k=16384 --A=f16:column --B=f16:row --C=f32:column --D=f32:column  \
                  --alpha=1 --beta=0 --split_k_mode=serial --split_k_slices=1 --batch_count=1 --raster_order=heuristic  \
                  --runtime_input_datatype_a=invalid --runtime_input_datatype_b=invalid --use_pdl=false --enable_sm90_mixed_dtype_shuffle_test=false  \
                  --swizzle_size=1 --op_class=tensorop --accum=f32 --cta_m=256 --cta_n=128 --cta_k=32 --cluster_m=1 --cluster_n=1  \
                  --cluster_k=1 --cluster_m_fallback=1 --cluster_n_fallback=1 --cluster_k_fallback=1 --stages=2 --warps_m=4  \
                  --warps_n=2 --warps_k=1 --inst_m=16 --inst_n=8 --inst_k=8 --min_cc=75 --max_cc=1024

           Bytes: 2147483648  bytes
           FLOPs: 8796629893120  flops
           FLOPs/Byte: 4096

         Runtime: 31.9483  ms
          Memory: 62.6011 GiB/s

            Math: 275340 GFLOP/s



=============================
  Problem ID: 1

        Provider: [1;37mCUTLASS[0m
   OperationKind: [1;37mgemm[0m
       Operation: cutlass_tensorop_s16816gemm_f16_256x128_32x3_nt_align8

          Status: [1;37mSuccess[0m
    Verification: [1;37mON[0m
     Disposition: [1;32mPassed[0m

reference_device: Passed
          cuBLAS: Not run
           cuDNN: Not run

       Arguments: --gemm_kind=universal --m=16384 --n=16384 --k=16384 --A=f16:column --B=f16:row --C=f32:column --D=f32:column  \
                  --alpha=1 --beta=0 --split_k_mode=serial --split_k_slices=1 --batch_count=1 --raster_order=heuristic  \
                  --runtime_input_datatype_a=invalid --runtime_input_datatype_b=invalid --use_pdl=false --enable_sm90_mixed_dtype_shuffle_test=false  \
                  --swizzle_size=1 --op_class=tensorop --accum=f32 --cta_m=256 --cta_n=128 --cta_k=32 --cluster_m=1 --cluster_n=1  \
                  --cluster_k=1 --cluster_m_fallback=1 --cluster_n_fallback=1 --cluster_k_fallback=1 --stages=3 --warps_m=4  \
                  --warps_n=2 --warps_k=1 --inst_m=16 --inst_n=8 --inst_k=16 --min_cc=80 --max_cc=1024

           Bytes: 2147483648  bytes
           FLOPs: 8796629893120  flops
           FLOPs/Byte: 4096

         Runtime: 16.3241  ms
          Memory: 122.518 GiB/s

            Math: 538873 GFLOP/s


=============================

CSV Results:

Problem,Provider,OperationKind,Operation,Disposition,Status,gemm_kind,m,n,k,A,B,C,D,alpha,beta,split_k_mode,split_k_slices,batch_count,raster_order,runtime_input_datatype_a,runtime_input_datatype_b,use_pdl,enable_sm90_mixed_dtype_shuffle_test,swizzle_size,op_class,accum,cta_m,cta_n,cta_k,cluster_m,cluster_n,cluster_k,cluster_m_fallback,cluster_n_fallback,cluster_k_fallback,stages,warps_m,warps_n,warps_k,inst_m,inst_n,inst_k,min_cc,max_cc,Bytes,Flops,Flops/Byte,Runtime,GB/s,GFLOPs
1,CUTLASS,gemm,cutlass_tensorop_s1688gemm_f16_256x128_32x2_nt_align8,passed,success,universal,16384,16384,16384,f16:column,f16:row,f32:column,f32:column,1,0,serial,1,1,heuristic,invalid,invalid,false,false,1,tensorop,f32,256,128,32,1,1,1,1,1,1,2,4,2,1,16,8,8,75,1024,2147483648,8796629893120,4096,31.9483,62.6011,275340
1,CUTLASS,gemm,cutlass_tensorop_s16816gemm_f16_256x128_32x3_nt_align8,passed,success,universal,16384,16384,16384,f16:column,f16:row,f32:column,f32:column,1,0,serial,1,1,heuristic,invalid,invalid,false,false,1,tensorop,f32,256,128,32,1,1,1,1,1,1,3,4,2,1,16,8,16,80,1024,2147483648,8796629893120,4096,16.3241,122.518,538873



=============================
  Problem ID: 1

        Provider: [1;37mCUTLASS[0m
   OperationKind: [1;37mgemm[0m
       Operation: cutlass_tensorop_s1688gemm_f16_256x128_32x2_nt_align8

          Status: [1;37mSuccess[0m
    Verification: [1;37mON[0m
     Disposition: [1;32mPassed[0m

reference_device: Passed
          cuBLAS: Not run
           cuDNN: Not run

       Arguments: --gemm_kind=universal --m=16384 --n=16384 --k=16384 --A=f16:column --B=f16:row --C=f32:column --D=f32:column  \
                  --alpha=1 --beta=0 --split_k_mode=serial --split_k_slices=1 --batch_count=1 --raster_order=heuristic  \
                  --runtime_input_datatype_a=invalid --runtime_input_datatype_b=invalid --use_pdl=false --enable_sm90_mixed_dtype_shuffle_test=false  \
                  --swizzle_size=1 --op_class=tensorop --accum=f32 --cta_m=256 --cta_n=128 --cta_k=32 --cluster_m=1 --cluster_n=1  \
                  --cluster_k=1 --cluster_m_fallback=1 --cluster_n_fallback=1 --cluster_k_fallback=1 --stages=2 --warps_m=4  \
                  --warps_n=2 --warps_k=1 --inst_m=16 --inst_n=8 --inst_k=8 --min_cc=75 --max_cc=1024

           Bytes: 2147483648  bytes
           FLOPs: 8796629893120  flops
           FLOPs/Byte: 4096

         Runtime: 31.9483  ms
          Memory: 62.6011 GiB/s

            Math: 275339 GFLOP/s



=============================
  Problem ID: 1

        Provider: [1;37mCUTLASS[0m
   OperationKind: [1;37mgemm[0m
       Operation: cutlass_tensorop_s16816gemm_f16_256x128_32x3_nt_align8

          Status: [1;37mSuccess[0m
    Verification: [1;37mON[0m
     Disposition: [1;32mPassed[0m

reference_device: Passed
          cuBLAS: Not run
           cuDNN: Not run

       Arguments: --gemm_kind=universal --m=16384 --n=16384 --k=16384 --A=f16:column --B=f16:row --C=f32:column --D=f32:column  \
                  --alpha=1 --beta=0 --split_k_mode=serial --split_k_slices=1 --batch_count=1 --raster_order=heuristic  \
                  --runtime_input_datatype_a=invalid --runtime_input_datatype_b=invalid --use_pdl=false --enable_sm90_mixed_dtype_shuffle_test=false  \
                  --swizzle_size=1 --op_class=tensorop --accum=f32 --cta_m=256 --cta_n=128 --cta_k=32 --cluster_m=1 --cluster_n=1  \
                  --cluster_k=1 --cluster_m_fallback=1 --cluster_n_fallback=1 --cluster_k_fallback=1 --stages=3 --warps_m=4  \
                  --warps_n=2 --warps_k=1 --inst_m=16 --inst_n=8 --inst_k=16 --min_cc=80 --max_cc=1024

           Bytes: 2147483648  bytes
           FLOPs: 8796629893120  flops
           FLOPs/Byte: 4096

         Runtime: 16.3241  ms
          Memory: 122.518 GiB/s

            Math: 538874 GFLOP/s


=============================

CSV Results:

Problem,Provider,OperationKind,Operation,Disposition,Status,gemm_kind,m,n,k,A,B,C,D,alpha,beta,split_k_mode,split_k_slices,batch_count,raster_order,runtime_input_datatype_a,runtime_input_datatype_b,use_pdl,enable_sm90_mixed_dtype_shuffle_test,swizzle_size,op_class,accum,cta_m,cta_n,cta_k,cluster_m,cluster_n,cluster_k,cluster_m_fallback,cluster_n_fallback,cluster_k_fallback,stages,warps_m,warps_n,warps_k,inst_m,inst_n,inst_k,min_cc,max_cc,Bytes,Flops,Flops/Byte,Runtime,GB/s,GFLOPs
1,CUTLASS,gemm,cutlass_tensorop_s1688gemm_f16_256x128_32x2_nt_align8,passed,success,universal,16384,16384,16384,f16:column,f16:row,f32:column,f32:column,1,0,serial,1,1,heuristic,invalid,invalid,false,false,1,tensorop,f32,256,128,32,1,1,1,1,1,1,2,4,2,1,16,8,8,75,1024,2147483648,8796629893120,4096,31.9483,62.6011,275339
1,CUTLASS,gemm,cutlass_tensorop_s16816gemm_f16_256x128_32x3_nt_align8,passed,success,universal,16384,16384,16384,f16:column,f16:row,f32:column,f32:column,1,0,serial,1,1,heuristic,invalid,invalid,false,false,1,tensorop,f32,256,128,32,1,1,1,1,1,1,3,4,2,1,16,8,16,80,1024,2147483648,8796629893120,4096,16.3241,122.518,538874



=============================
  Problem ID: 1

        Provider: [1;37mCUTLASS[0m
   OperationKind: [1;37mgemm[0m
       Operation: cutlass_tensorop_s1688gemm_f16_256x128_32x2_nt_align8

          Status: [1;37mSuccess[0m
    Verification: [1;37mON[0m
     Disposition: [1;32mPassed[0m

reference_device: Passed
          cuBLAS: Not run
           cuDNN: Not run

       Arguments: --gemm_kind=universal --m=16384 --n=16384 --k=16384 --A=f16:column --B=f16:row --C=f32:column --D=f32:column  \
                  --alpha=1 --beta=0 --split_k_mode=serial --split_k_slices=1 --batch_count=1 --raster_order=heuristic  \
                  --runtime_input_datatype_a=invalid --runtime_input_datatype_b=invalid --use_pdl=false --enable_sm90_mixed_dtype_shuffle_test=false  \
                  --swizzle_size=1 --op_class=tensorop --accum=f32 --cta_m=256 --cta_n=128 --cta_k=32 --cluster_m=1 --cluster_n=1  \
                  --cluster_k=1 --cluster_m_fallback=1 --cluster_n_fallback=1 --cluster_k_fallback=1 --stages=2 --warps_m=4  \
                  --warps_n=2 --warps_k=1 --inst_m=16 --inst_n=8 --inst_k=8 --min_cc=75 --max_cc=1024

           Bytes: 2147483648  bytes
           FLOPs: 8796629893120  flops
           FLOPs/Byte: 4096

         Runtime: 31.9473  ms
          Memory: 62.6031 GiB/s

            Math: 275348 GFLOP/s



=============================
  Problem ID: 1

        Provider: [1;37mCUTLASS[0m
   OperationKind: [1;37mgemm[0m
       Operation: cutlass_tensorop_s16816gemm_f16_256x128_32x3_nt_align8

          Status: [1;37mSuccess[0m
    Verification: [1;37mON[0m
     Disposition: [1;32mPassed[0m

reference_device: Passed
          cuBLAS: Not run
           cuDNN: Not run

       Arguments: --gemm_kind=universal --m=16384 --n=16384 --k=16384 --A=f16:column --B=f16:row --C=f32:column --D=f32:column  \
                  --alpha=1 --beta=0 --split_k_mode=serial --split_k_slices=1 --batch_count=1 --raster_order=heuristic  \
                  --runtime_input_datatype_a=invalid --runtime_input_datatype_b=invalid --use_pdl=false --enable_sm90_mixed_dtype_shuffle_test=false  \
                  --swizzle_size=1 --op_class=tensorop --accum=f32 --cta_m=256 --cta_n=128 --cta_k=32 --cluster_m=1 --cluster_n=1  \
                  --cluster_k=1 --cluster_m_fallback=1 --cluster_n_fallback=1 --cluster_k_fallback=1 --stages=3 --warps_m=4  \
                  --warps_n=2 --warps_k=1 --inst_m=16 --inst_n=8 --inst_k=16 --min_cc=80 --max_cc=1024

           Bytes: 2147483648  bytes
           FLOPs: 8796629893120  flops
           FLOPs/Byte: 4096

         Runtime: 16.3241  ms
          Memory: 122.519 GiB/s

            Math: 538875 GFLOP/s


=============================

CSV Results:

Problem,Provider,OperationKind,Operation,Disposition,Status,gemm_kind,m,n,k,A,B,C,D,alpha,beta,split_k_mode,split_k_slices,batch_count,raster_order,runtime_input_datatype_a,runtime_input_datatype_b,use_pdl,enable_sm90_mixed_dtype_shuffle_test,swizzle_size,op_class,accum,cta_m,cta_n,cta_k,cluster_m,cluster_n,cluster_k,cluster_m_fallback,cluster_n_fallback,cluster_k_fallback,stages,warps_m,warps_n,warps_k,inst_m,inst_n,inst_k,min_cc,max_cc,Bytes,Flops,Flops/Byte,Runtime,GB/s,GFLOPs
1,CUTLASS,gemm,cutlass_tensorop_s1688gemm_f16_256x128_32x2_nt_align8,passed,success,universal,16384,16384,16384,f16:column,f16:row,f32:column,f32:column,1,0,serial,1,1,heuristic,invalid,invalid,false,false,1,tensorop,f32,256,128,32,1,1,1,1,1,1,2,4,2,1,16,8,8,75,1024,2147483648,8796629893120,4096,31.9473,62.6031,275348
1,CUTLASS,gemm,cutlass_tensorop_s16816gemm_f16_256x128_32x3_nt_align8,passed,success,universal,16384,16384,16384,f16:column,f16:row,f32:column,f32:column,1,0,serial,1,1,heuristic,invalid,invalid,false,false,1,tensorop,f32,256,128,32,1,1,1,1,1,1,3,4,2,1,16,8,16,80,1024,2147483648,8796629893120,4096,16.3241,122.519,538875



=============================
  Problem ID: 1

        Provider: [1;37mCUTLASS[0m
   OperationKind: [1;37mgemm[0m
       Operation: cutlass_tensorop_s1688gemm_f16_256x128_32x2_nt_align8

          Status: [1;37mSuccess[0m
    Verification: [1;37mON[0m
     Disposition: [1;32mPassed[0m

reference_device: Passed
          cuBLAS: Not run
           cuDNN: Not run

       Arguments: --gemm_kind=universal --m=16384 --n=16384 --k=16384 --A=f16:column --B=f16:row --C=f32:column --D=f32:column  \
                  --alpha=1 --beta=0 --split_k_mode=serial --split_k_slices=1 --batch_count=1 --raster_order=heuristic  \
                  --runtime_input_datatype_a=invalid --runtime_input_datatype_b=invalid --use_pdl=false --enable_sm90_mixed_dtype_shuffle_test=false  \
                  --swizzle_size=1 --op_class=tensorop --accum=f32 --cta_m=256 --cta_n=128 --cta_k=32 --cluster_m=1 --cluster_n=1  \
                  --cluster_k=1 --cluster_m_fallback=1 --cluster_n_fallback=1 --cluster_k_fallback=1 --stages=2 --warps_m=4  \
                  --warps_n=2 --warps_k=1 --inst_m=16 --inst_n=8 --inst_k=8 --min_cc=75 --max_cc=1024

           Bytes: 2147483648  bytes
           FLOPs: 8796629893120  flops
           FLOPs/Byte: 4096

         Runtime: 31.9474  ms
          Memory: 62.603 GiB/s

            Math: 275348 GFLOP/s



=============================
  Problem ID: 1

        Provider: [1;37mCUTLASS[0m
   OperationKind: [1;37mgemm[0m
       Operation: cutlass_tensorop_s16816gemm_f16_256x128_32x3_nt_align8

          Status: [1;37mSuccess[0m
    Verification: [1;37mON[0m
     Disposition: [1;32mPassed[0m

reference_device: Passed
          cuBLAS: Not run
           cuDNN: Not run

       Arguments: --gemm_kind=universal --m=16384 --n=16384 --k=16384 --A=f16:column --B=f16:row --C=f32:column --D=f32:column  \
                  --alpha=1 --beta=0 --split_k_mode=serial --split_k_slices=1 --batch_count=1 --raster_order=heuristic  \
                  --runtime_input_datatype_a=invalid --runtime_input_datatype_b=invalid --use_pdl=false --enable_sm90_mixed_dtype_shuffle_test=false  \
                  --swizzle_size=1 --op_class=tensorop --accum=f32 --cta_m=256 --cta_n=128 --cta_k=32 --cluster_m=1 --cluster_n=1  \
                  --cluster_k=1 --cluster_m_fallback=1 --cluster_n_fallback=1 --cluster_k_fallback=1 --stages=3 --warps_m=4  \
                  --warps_n=2 --warps_k=1 --inst_m=16 --inst_n=8 --inst_k=16 --min_cc=80 --max_cc=1024

           Bytes: 2147483648  bytes
           FLOPs: 8796629893120  flops
           FLOPs/Byte: 4096

         Runtime: 16.325  ms
          Memory: 122.511 GiB/s

            Math: 538844 GFLOP/s


=============================

CSV Results:

Problem,Provider,OperationKind,Operation,Disposition,Status,gemm_kind,m,n,k,A,B,C,D,alpha,beta,split_k_mode,split_k_slices,batch_count,raster_order,runtime_input_datatype_a,runtime_input_datatype_b,use_pdl,enable_sm90_mixed_dtype_shuffle_test,swizzle_size,op_class,accum,cta_m,cta_n,cta_k,cluster_m,cluster_n,cluster_k,cluster_m_fallback,cluster_n_fallback,cluster_k_fallback,stages,warps_m,warps_n,warps_k,inst_m,inst_n,inst_k,min_cc,max_cc,Bytes,Flops,Flops/Byte,Runtime,GB/s,GFLOPs
1,CUTLASS,gemm,cutlass_tensorop_s1688gemm_f16_256x128_32x2_nt_align8,passed,success,universal,16384,16384,16384,f16:column,f16:row,f32:column,f32:column,1,0,serial,1,1,heuristic,invalid,invalid,false,false,1,tensorop,f32,256,128,32,1,1,1,1,1,1,2,4,2,1,16,8,8,75,1024,2147483648,8796629893120,4096,31.9474,62.603,275348
1,CUTLASS,gemm,cutlass_tensorop_s16816gemm_f16_256x128_32x3_nt_align8,passed,success,universal,16384,16384,16384,f16:column,f16:row,f32:column,f32:column,1,0,serial,1,1,heuristic,invalid,invalid,false,false,1,tensorop,f32,256,128,32,1,1,1,1,1,1,3,4,2,1,16,8,16,80,1024,2147483648,8796629893120,4096,16.325,122.511,538844



=============================
  Problem ID: 1

        Provider: [1;37mCUTLASS[0m
   OperationKind: [1;37mgemm[0m
       Operation: cutlass_tensorop_s1688gemm_f16_256x128_32x2_nt_align8

          Status: [1;37mSuccess[0m
    Verification: [1;37mON[0m
     Disposition: [1;32mPassed[0m

reference_device: Passed
          cuBLAS: Not run
           cuDNN: Not run

       Arguments: --gemm_kind=universal --m=16384 --n=16384 --k=16384 --A=f16:column --B=f16:row --C=f32:column --D=f32:column  \
                  --alpha=1 --beta=0 --split_k_mode=serial --split_k_slices=1 --batch_count=1 --raster_order=heuristic  \
                  --runtime_input_datatype_a=invalid --runtime_input_datatype_b=invalid --use_pdl=false --enable_sm90_mixed_dtype_shuffle_test=false  \
                  --swizzle_size=1 --op_class=tensorop --accum=f32 --cta_m=256 --cta_n=128 --cta_k=32 --cluster_m=1 --cluster_n=1  \
                  --cluster_k=1 --cluster_m_fallback=1 --cluster_n_fallback=1 --cluster_k_fallback=1 --stages=2 --warps_m=4  \
                  --warps_n=2 --warps_k=1 --inst_m=16 --inst_n=8 --inst_k=8 --min_cc=75 --max_cc=1024

           Bytes: 2147483648  bytes
           FLOPs: 8796629893120  flops
           FLOPs/Byte: 4096

         Runtime: 31.9486  ms
          Memory: 62.6006 GiB/s

            Math: 275337 GFLOP/s



=============================
  Problem ID: 1

        Provider: [1;37mCUTLASS[0m
   OperationKind: [1;37mgemm[0m
       Operation: cutlass_tensorop_s16816gemm_f16_256x128_32x3_nt_align8

          Status: [1;37mSuccess[0m
    Verification: [1;37mON[0m
     Disposition: [1;32mPassed[0m

reference_device: Passed
          cuBLAS: Not run
           cuDNN: Not run

       Arguments: --gemm_kind=universal --m=16384 --n=16384 --k=16384 --A=f16:column --B=f16:row --C=f32:column --D=f32:column  \
                  --alpha=1 --beta=0 --split_k_mode=serial --split_k_slices=1 --batch_count=1 --raster_order=heuristic  \
                  --runtime_input_datatype_a=invalid --runtime_input_datatype_b=invalid --use_pdl=false --enable_sm90_mixed_dtype_shuffle_test=false  \
                  --swizzle_size=1 --op_class=tensorop --accum=f32 --cta_m=256 --cta_n=128 --cta_k=32 --cluster_m=1 --cluster_n=1  \
                  --cluster_k=1 --cluster_m_fallback=1 --cluster_n_fallback=1 --cluster_k_fallback=1 --stages=3 --warps_m=4  \
                  --warps_n=2 --warps_k=1 --inst_m=16 --inst_n=8 --inst_k=16 --min_cc=80 --max_cc=1024

           Bytes: 2147483648  bytes
           FLOPs: 8796629893120  flops
           FLOPs/Byte: 4096

         Runtime: 16.323  ms
          Memory: 122.526 GiB/s

            Math: 538909 GFLOP/s


=============================

CSV Results:

Problem,Provider,OperationKind,Operation,Disposition,Status,gemm_kind,m,n,k,A,B,C,D,alpha,beta,split_k_mode,split_k_slices,batch_count,raster_order,runtime_input_datatype_a,runtime_input_datatype_b,use_pdl,enable_sm90_mixed_dtype_shuffle_test,swizzle_size,op_class,accum,cta_m,cta_n,cta_k,cluster_m,cluster_n,cluster_k,cluster_m_fallback,cluster_n_fallback,cluster_k_fallback,stages,warps_m,warps_n,warps_k,inst_m,inst_n,inst_k,min_cc,max_cc,Bytes,Flops,Flops/Byte,Runtime,GB/s,GFLOPs
1,CUTLASS,gemm,cutlass_tensorop_s1688gemm_f16_256x128_32x2_nt_align8,passed,success,universal,16384,16384,16384,f16:column,f16:row,f32:column,f32:column,1,0,serial,1,1,heuristic,invalid,invalid,false,false,1,tensorop,f32,256,128,32,1,1,1,1,1,1,2,4,2,1,16,8,8,75,1024,2147483648,8796629893120,4096,31.9486,62.6006,275337
1,CUTLASS,gemm,cutlass_tensorop_s16816gemm_f16_256x128_32x3_nt_align8,passed,success,universal,16384,16384,16384,f16:column,f16:row,f32:column,f32:column,1,0,serial,1,1,heuristic,invalid,invalid,false,false,1,tensorop,f32,256,128,32,1,1,1,1,1,1,3,4,2,1,16,8,16,80,1024,2147483648,8796629893120,4096,16.323,122.526,538909



=============================
  Problem ID: 1

        Provider: [1;37mCUTLASS[0m
   OperationKind: [1;37mgemm[0m
       Operation: cutlass_tensorop_s1688gemm_f16_256x128_32x2_nt_align8

          Status: [1;37mSuccess[0m
    Verification: [1;37mON[0m
     Disposition: [1;32mPassed[0m

reference_device: Passed
          cuBLAS: Not run
           cuDNN: Not run

       Arguments: --gemm_kind=universal --m=16384 --n=16384 --k=16384 --A=f16:column --B=f16:row --C=f32:column --D=f32:column  \
                  --alpha=1 --beta=0 --split_k_mode=serial --split_k_slices=1 --batch_count=1 --raster_order=heuristic  \
                  --runtime_input_datatype_a=invalid --runtime_input_datatype_b=invalid --use_pdl=false --enable_sm90_mixed_dtype_shuffle_test=false  \
                  --swizzle_size=1 --op_class=tensorop --accum=f32 --cta_m=256 --cta_n=128 --cta_k=32 --cluster_m=1 --cluster_n=1  \
                  --cluster_k=1 --cluster_m_fallback=1 --cluster_n_fallback=1 --cluster_k_fallback=1 --stages=2 --warps_m=4  \
                  --warps_n=2 --warps_k=1 --inst_m=16 --inst_n=8 --inst_k=8 --min_cc=75 --max_cc=1024

           Bytes: 2147483648  bytes
           FLOPs: 8796629893120  flops
           FLOPs/Byte: 4096

         Runtime: 31.9483  ms
          Memory: 62.6011 GiB/s

            Math: 275339 GFLOP/s



=============================
  Problem ID: 1

        Provider: [1;37mCUTLASS[0m
   OperationKind: [1;37mgemm[0m
       Operation: cutlass_tensorop_s16816gemm_f16_256x128_32x3_nt_align8

          Status: [1;37mSuccess[0m
    Verification: [1;37mON[0m
     Disposition: [1;32mPassed[0m

reference_device: Passed
          cuBLAS: Not run
           cuDNN: Not run

       Arguments: --gemm_kind=universal --m=16384 --n=16384 --k=16384 --A=f16:column --B=f16:row --C=f32:column --D=f32:column  \
                  --alpha=1 --beta=0 --split_k_mode=serial --split_k_slices=1 --batch_count=1 --raster_order=heuristic  \
                  --runtime_input_datatype_a=invalid --runtime_input_datatype_b=invalid --use_pdl=false --enable_sm90_mixed_dtype_shuffle_test=false  \
                  --swizzle_size=1 --op_class=tensorop --accum=f32 --cta_m=256 --cta_n=128 --cta_k=32 --cluster_m=1 --cluster_n=1  \
                  --cluster_k=1 --cluster_m_fallback=1 --cluster_n_fallback=1 --cluster_k_fallback=1 --stages=3 --warps_m=4  \
                  --warps_n=2 --warps_k=1 --inst_m=16 --inst_n=8 --inst_k=16 --min_cc=80 --max_cc=1024

           Bytes: 2147483648  bytes
           FLOPs: 8796629893120  flops
           FLOPs/Byte: 4096

         Runtime: 16.3241  ms
          Memory: 122.518 GiB/s

            Math: 538873 GFLOP/s


=============================

CSV Results:

Problem,Provider,OperationKind,Operation,Disposition,Status,gemm_kind,m,n,k,A,B,C,D,alpha,beta,split_k_mode,split_k_slices,batch_count,raster_order,runtime_input_datatype_a,runtime_input_datatype_b,use_pdl,enable_sm90_mixed_dtype_shuffle_test,swizzle_size,op_class,accum,cta_m,cta_n,cta_k,cluster_m,cluster_n,cluster_k,cluster_m_fallback,cluster_n_fallback,cluster_k_fallback,stages,warps_m,warps_n,warps_k,inst_m,inst_n,inst_k,min_cc,max_cc,Bytes,Flops,Flops/Byte,Runtime,GB/s,GFLOPs
1,CUTLASS,gemm,cutlass_tensorop_s1688gemm_f16_256x128_32x2_nt_align8,passed,success,universal,16384,16384,16384,f16:column,f16:row,f32:column,f32:column,1,0,serial,1,1,heuristic,invalid,invalid,false,false,1,tensorop,f32,256,128,32,1,1,1,1,1,1,2,4,2,1,16,8,8,75,1024,2147483648,8796629893120,4096,31.9483,62.6011,275339
1,CUTLASS,gemm,cutlass_tensorop_s16816gemm_f16_256x128_32x3_nt_align8,passed,success,universal,16384,16384,16384,f16:column,f16:row,f32:column,f32:column,1,0,serial,1,1,heuristic,invalid,invalid,false,false,1,tensorop,f32,256,128,32,1,1,1,1,1,1,3,4,2,1,16,8,16,80,1024,2147483648,8796629893120,4096,16.3241,122.518,538873



=============================
  Problem ID: 1

        Provider: [1;37mCUTLASS[0m
   OperationKind: [1;37mgemm[0m
       Operation: cutlass_tensorop_s1688gemm_f16_256x128_32x2_nt_align8

          Status: [1;37mSuccess[0m
    Verification: [1;37mON[0m
     Disposition: [1;32mPassed[0m

reference_device: Passed
          cuBLAS: Not run
           cuDNN: Not run

       Arguments: --gemm_kind=universal --m=16384 --n=16384 --k=16384 --A=f16:column --B=f16:row --C=f32:column --D=f32:column  \
                  --alpha=1 --beta=0 --split_k_mode=serial --split_k_slices=1 --batch_count=1 --raster_order=heuristic  \
                  --runtime_input_datatype_a=invalid --runtime_input_datatype_b=invalid --use_pdl=false --enable_sm90_mixed_dtype_shuffle_test=false  \
                  --swizzle_size=1 --op_class=tensorop --accum=f32 --cta_m=256 --cta_n=128 --cta_k=32 --cluster_m=1 --cluster_n=1  \
                  --cluster_k=1 --cluster_m_fallback=1 --cluster_n_fallback=1 --cluster_k_fallback=1 --stages=2 --warps_m=4  \
                  --warps_n=2 --warps_k=1 --inst_m=16 --inst_n=8 --inst_k=8 --min_cc=75 --max_cc=1024

           Bytes: 2147483648  bytes
           FLOPs: 8796629893120  flops
           FLOPs/Byte: 4096

         Runtime: 31.9472  ms
          Memory: 62.6033 GiB/s

            Math: 275349 GFLOP/s



=============================
  Problem ID: 1

        Provider: [1;37mCUTLASS[0m
   OperationKind: [1;37mgemm[0m
       Operation: cutlass_tensorop_s16816gemm_f16_256x128_32x3_nt_align8

          Status: [1;37mSuccess[0m
    Verification: [1;37mON[0m
     Disposition: [1;32mPassed[0m

reference_device: Passed
          cuBLAS: Not run
           cuDNN: Not run

       Arguments: --gemm_kind=universal --m=16384 --n=16384 --k=16384 --A=f16:column --B=f16:row --C=f32:column --D=f32:column  \
                  --alpha=1 --beta=0 --split_k_mode=serial --split_k_slices=1 --batch_count=1 --raster_order=heuristic  \
                  --runtime_input_datatype_a=invalid --runtime_input_datatype_b=invalid --use_pdl=false --enable_sm90_mixed_dtype_shuffle_test=false  \
                  --swizzle_size=1 --op_class=tensorop --accum=f32 --cta_m=256 --cta_n=128 --cta_k=32 --cluster_m=1 --cluster_n=1  \
                  --cluster_k=1 --cluster_m_fallback=1 --cluster_n_fallback=1 --cluster_k_fallback=1 --stages=3 --warps_m=4  \
                  --warps_n=2 --warps_k=1 --inst_m=16 --inst_n=8 --inst_k=16 --min_cc=80 --max_cc=1024

           Bytes: 2147483648  bytes
           FLOPs: 8796629893120  flops
           FLOPs/Byte: 4096

         Runtime: 16.3251  ms
          Memory: 122.51 GiB/s

            Math: 538839 GFLOP/s


=============================

CSV Results:

Problem,Provider,OperationKind,Operation,Disposition,Status,gemm_kind,m,n,k,A,B,C,D,alpha,beta,split_k_mode,split_k_slices,batch_count,raster_order,runtime_input_datatype_a,runtime_input_datatype_b,use_pdl,enable_sm90_mixed_dtype_shuffle_test,swizzle_size,op_class,accum,cta_m,cta_n,cta_k,cluster_m,cluster_n,cluster_k,cluster_m_fallback,cluster_n_fallback,cluster_k_fallback,stages,warps_m,warps_n,warps_k,inst_m,inst_n,inst_k,min_cc,max_cc,Bytes,Flops,Flops/Byte,Runtime,GB/s,GFLOPs
1,CUTLASS,gemm,cutlass_tensorop_s1688gemm_f16_256x128_32x2_nt_align8,passed,success,universal,16384,16384,16384,f16:column,f16:row,f32:column,f32:column,1,0,serial,1,1,heuristic,invalid,invalid,false,false,1,tensorop,f32,256,128,32,1,1,1,1,1,1,2,4,2,1,16,8,8,75,1024,2147483648,8796629893120,4096,31.9472,62.6033,275349
1,CUTLASS,gemm,cutlass_tensorop_s16816gemm_f16_256x128_32x3_nt_align8,passed,success,universal,16384,16384,16384,f16:column,f16:row,f32:column,f32:column,1,0,serial,1,1,heuristic,invalid,invalid,false,false,1,tensorop,f32,256,128,32,1,1,1,1,1,1,3,4,2,1,16,8,16,80,1024,2147483648,8796629893120,4096,16.3251,122.51,538839



=============================
  Problem ID: 1

        Provider: [1;37mCUTLASS[0m
   OperationKind: [1;37mgemm[0m
       Operation: cutlass_tensorop_s1688gemm_f16_256x128_32x2_nt_align8

          Status: [1;37mSuccess[0m
    Verification: [1;37mON[0m
     Disposition: [1;32mPassed[0m

reference_device: Passed
          cuBLAS: Not run
           cuDNN: Not run

       Arguments: --gemm_kind=universal --m=16384 --n=16384 --k=16384 --A=f16:column --B=f16:row --C=f32:column --D=f32:column  \
                  --alpha=1 --beta=0 --split_k_mode=serial --split_k_slices=1 --batch_count=1 --raster_order=heuristic  \
                  --runtime_input_datatype_a=invalid --runtime_input_datatype_b=invalid --use_pdl=false --enable_sm90_mixed_dtype_shuffle_test=false  \
                  --swizzle_size=1 --op_class=tensorop --accum=f32 --cta_m=256 --cta_n=128 --cta_k=32 --cluster_m=1 --cluster_n=1  \
                  --cluster_k=1 --cluster_m_fallback=1 --cluster_n_fallback=1 --cluster_k_fallback=1 --stages=2 --warps_m=4  \
                  --warps_n=2 --warps_k=1 --inst_m=16 --inst_n=8 --inst_k=8 --min_cc=75 --max_cc=1024

           Bytes: 2147483648  bytes
           FLOPs: 8796629893120  flops
           FLOPs/Byte: 4096

         Runtime: 31.9481  ms
          Memory: 62.6015 GiB/s

            Math: 275341 GFLOP/s



=============================
  Problem ID: 1

        Provider: [1;37mCUTLASS[0m
   OperationKind: [1;37mgemm[0m
       Operation: cutlass_tensorop_s16816gemm_f16_256x128_32x3_nt_align8

          Status: [1;37mSuccess[0m
    Verification: [1;37mON[0m
     Disposition: [1;32mPassed[0m

reference_device: Passed
          cuBLAS: Not run
           cuDNN: Not run

       Arguments: --gemm_kind=universal --m=16384 --n=16384 --k=16384 --A=f16:column --B=f16:row --C=f32:column --D=f32:column  \
                  --alpha=1 --beta=0 --split_k_mode=serial --split_k_slices=1 --batch_count=1 --raster_order=heuristic  \
                  --runtime_input_datatype_a=invalid --runtime_input_datatype_b=invalid --use_pdl=false --enable_sm90_mixed_dtype_shuffle_test=false  \
                  --swizzle_size=1 --op_class=tensorop --accum=f32 --cta_m=256 --cta_n=128 --cta_k=32 --cluster_m=1 --cluster_n=1  \
                  --cluster_k=1 --cluster_m_fallback=1 --cluster_n_fallback=1 --cluster_k_fallback=1 --stages=3 --warps_m=4  \
                  --warps_n=2 --warps_k=1 --inst_m=16 --inst_n=8 --inst_k=16 --min_cc=80 --max_cc=1024

           Bytes: 2147483648  bytes
           FLOPs: 8796629893120  flops
           FLOPs/Byte: 4096

         Runtime: 16.3254  ms
          Memory: 122.508 GiB/s

            Math: 538829 GFLOP/s


=============================

CSV Results:

Problem,Provider,OperationKind,Operation,Disposition,Status,gemm_kind,m,n,k,A,B,C,D,alpha,beta,split_k_mode,split_k_slices,batch_count,raster_order,runtime_input_datatype_a,runtime_input_datatype_b,use_pdl,enable_sm90_mixed_dtype_shuffle_test,swizzle_size,op_class,accum,cta_m,cta_n,cta_k,cluster_m,cluster_n,cluster_k,cluster_m_fallback,cluster_n_fallback,cluster_k_fallback,stages,warps_m,warps_n,warps_k,inst_m,inst_n,inst_k,min_cc,max_cc,Bytes,Flops,Flops/Byte,Runtime,GB/s,GFLOPs
1,CUTLASS,gemm,cutlass_tensorop_s1688gemm_f16_256x128_32x2_nt_align8,passed,success,universal,16384,16384,16384,f16:column,f16:row,f32:column,f32:column,1,0,serial,1,1,heuristic,invalid,invalid,false,false,1,tensorop,f32,256,128,32,1,1,1,1,1,1,2,4,2,1,16,8,8,75,1024,2147483648,8796629893120,4096,31.9481,62.6015,275341
1,CUTLASS,gemm,cutlass_tensorop_s16816gemm_f16_256x128_32x3_nt_align8,passed,success,universal,16384,16384,16384,f16:column,f16:row,f32:column,f32:column,1,0,serial,1,1,heuristic,invalid,invalid,false,false,1,tensorop,f32,256,128,32,1,1,1,1,1,1,3,4,2,1,16,8,16,80,1024,2147483648,8796629893120,4096,16.3254,122.508,538829



=============================
  Problem ID: 1

        Provider: [1;37mCUTLASS[0m
   OperationKind: [1;37mgemm[0m
       Operation: cutlass_tensorop_s1688gemm_f16_256x128_32x2_nt_align8

          Status: [1;37mSuccess[0m
    Verification: [1;37mON[0m
     Disposition: [1;32mPassed[0m

reference_device: Passed
          cuBLAS: Not run
           cuDNN: Not run

       Arguments: --gemm_kind=universal --m=16384 --n=16384 --k=16384 --A=f16:column --B=f16:row --C=f32:column --D=f32:column  \
                  --alpha=1 --beta=0 --split_k_mode=serial --split_k_slices=1 --batch_count=1 --raster_order=heuristic  \
                  --runtime_input_datatype_a=invalid --runtime_input_datatype_b=invalid --use_pdl=false --enable_sm90_mixed_dtype_shuffle_test=false  \
                  --swizzle_size=1 --op_class=tensorop --accum=f32 --cta_m=256 --cta_n=128 --cta_k=32 --cluster_m=1 --cluster_n=1  \
                  --cluster_k=1 --cluster_m_fallback=1 --cluster_n_fallback=1 --cluster_k_fallback=1 --stages=2 --warps_m=4  \
                  --warps_n=2 --warps_k=1 --inst_m=16 --inst_n=8 --inst_k=8 --min_cc=75 --max_cc=1024

           Bytes: 2147483648  bytes
           FLOPs: 8796629893120  flops
           FLOPs/Byte: 4096

         Runtime: 31.9484  ms
          Memory: 62.601 GiB/s

            Math: 275339 GFLOP/s



=============================
  Problem ID: 1

        Provider: [1;37mCUTLASS[0m
   OperationKind: [1;37mgemm[0m
       Operation: cutlass_tensorop_s16816gemm_f16_256x128_32x3_nt_align8

          Status: [1;37mSuccess[0m
    Verification: [1;37mON[0m
     Disposition: [1;32mPassed[0m

reference_device: Passed
          cuBLAS: Not run
           cuDNN: Not run

       Arguments: --gemm_kind=universal --m=16384 --n=16384 --k=16384 --A=f16:column --B=f16:row --C=f32:column --D=f32:column  \
                  --alpha=1 --beta=0 --split_k_mode=serial --split_k_slices=1 --batch_count=1 --raster_order=heuristic  \
                  --runtime_input_datatype_a=invalid --runtime_input_datatype_b=invalid --use_pdl=false --enable_sm90_mixed_dtype_shuffle_test=false  \
                  --swizzle_size=1 --op_class=tensorop --accum=f32 --cta_m=256 --cta_n=128 --cta_k=32 --cluster_m=1 --cluster_n=1  \
                  --cluster_k=1 --cluster_m_fallback=1 --cluster_n_fallback=1 --cluster_k_fallback=1 --stages=3 --warps_m=4  \
                  --warps_n=2 --warps_k=1 --inst_m=16 --inst_n=8 --inst_k=16 --min_cc=80 --max_cc=1024

           Bytes: 2147483648  bytes
           FLOPs: 8796629893120  flops
           FLOPs/Byte: 4096

         Runtime: 16.326  ms
          Memory: 122.504 GiB/s

            Math: 538810 GFLOP/s


=============================

CSV Results:

Problem,Provider,OperationKind,Operation,Disposition,Status,gemm_kind,m,n,k,A,B,C,D,alpha,beta,split_k_mode,split_k_slices,batch_count,raster_order,runtime_input_datatype_a,runtime_input_datatype_b,use_pdl,enable_sm90_mixed_dtype_shuffle_test,swizzle_size,op_class,accum,cta_m,cta_n,cta_k,cluster_m,cluster_n,cluster_k,cluster_m_fallback,cluster_n_fallback,cluster_k_fallback,stages,warps_m,warps_n,warps_k,inst_m,inst_n,inst_k,min_cc,max_cc,Bytes,Flops,Flops/Byte,Runtime,GB/s,GFLOPs
1,CUTLASS,gemm,cutlass_tensorop_s1688gemm_f16_256x128_32x2_nt_align8,passed,success,universal,16384,16384,16384,f16:column,f16:row,f32:column,f32:column,1,0,serial,1,1,heuristic,invalid,invalid,false,false,1,tensorop,f32,256,128,32,1,1,1,1,1,1,2,4,2,1,16,8,8,75,1024,2147483648,8796629893120,4096,31.9484,62.601,275339
1,CUTLASS,gemm,cutlass_tensorop_s16816gemm_f16_256x128_32x3_nt_align8,passed,success,universal,16384,16384,16384,f16:column,f16:row,f32:column,f32:column,1,0,serial,1,1,heuristic,invalid,invalid,false,false,1,tensorop,f32,256,128,32,1,1,1,1,1,1,3,4,2,1,16,8,16,80,1024,2147483648,8796629893120,4096,16.326,122.504,538810



=============================
  Problem ID: 1

        Provider: [1;37mCUTLASS[0m
   OperationKind: [1;37mgemm[0m
       Operation: cutlass_tensorop_s1688gemm_f16_256x128_32x2_nt_align8

          Status: [1;37mSuccess[0m
    Verification: [1;37mON[0m
     Disposition: [1;32mPassed[0m

reference_device: Passed
          cuBLAS: Not run
           cuDNN: Not run

       Arguments: --gemm_kind=universal --m=16384 --n=16384 --k=16384 --A=f16:column --B=f16:row --C=f32:column --D=f32:column  \
                  --alpha=1 --beta=0 --split_k_mode=serial --split_k_slices=1 --batch_count=1 --raster_order=heuristic  \
                  --runtime_input_datatype_a=invalid --runtime_input_datatype_b=invalid --use_pdl=false --enable_sm90_mixed_dtype_shuffle_test=false  \
                  --swizzle_size=1 --op_class=tensorop --accum=f32 --cta_m=256 --cta_n=128 --cta_k=32 --cluster_m=1 --cluster_n=1  \
                  --cluster_k=1 --cluster_m_fallback=1 --cluster_n_fallback=1 --cluster_k_fallback=1 --stages=2 --warps_m=4  \
                  --warps_n=2 --warps_k=1 --inst_m=16 --inst_n=8 --inst_k=8 --min_cc=75 --max_cc=1024

           Bytes: 2147483648  bytes
           FLOPs: 8796629893120  flops
           FLOPs/Byte: 4096

         Runtime: 31.9482  ms
          Memory: 62.6013 GiB/s

            Math: 275340 GFLOP/s



=============================
  Problem ID: 1

        Provider: [1;37mCUTLASS[0m
   OperationKind: [1;37mgemm[0m
       Operation: cutlass_tensorop_s16816gemm_f16_256x128_32x3_nt_align8

          Status: [1;37mSuccess[0m
    Verification: [1;37mON[0m
     Disposition: [1;32mPassed[0m

reference_device: Passed
          cuBLAS: Not run
           cuDNN: Not run

       Arguments: --gemm_kind=universal --m=16384 --n=16384 --k=16384 --A=f16:column --B=f16:row --C=f32:column --D=f32:column  \
                  --alpha=1 --beta=0 --split_k_mode=serial --split_k_slices=1 --batch_count=1 --raster_order=heuristic  \
                  --runtime_input_datatype_a=invalid --runtime_input_datatype_b=invalid --use_pdl=false --enable_sm90_mixed_dtype_shuffle_test=false  \
                  --swizzle_size=1 --op_class=tensorop --accum=f32 --cta_m=256 --cta_n=128 --cta_k=32 --cluster_m=1 --cluster_n=1  \
                  --cluster_k=1 --cluster_m_fallback=1 --cluster_n_fallback=1 --cluster_k_fallback=1 --stages=3 --warps_m=4  \
                  --warps_n=2 --warps_k=1 --inst_m=16 --inst_n=8 --inst_k=16 --min_cc=80 --max_cc=1024

           Bytes: 2147483648  bytes
           FLOPs: 8796629893120  flops
           FLOPs/Byte: 4096

         Runtime: 16.3241  ms
          Memory: 122.519 GiB/s

            Math: 538875 GFLOP/s


=============================

CSV Results:

Problem,Provider,OperationKind,Operation,Disposition,Status,gemm_kind,m,n,k,A,B,C,D,alpha,beta,split_k_mode,split_k_slices,batch_count,raster_order,runtime_input_datatype_a,runtime_input_datatype_b,use_pdl,enable_sm90_mixed_dtype_shuffle_test,swizzle_size,op_class,accum,cta_m,cta_n,cta_k,cluster_m,cluster_n,cluster_k,cluster_m_fallback,cluster_n_fallback,cluster_k_fallback,stages,warps_m,warps_n,warps_k,inst_m,inst_n,inst_k,min_cc,max_cc,Bytes,Flops,Flops/Byte,Runtime,GB/s,GFLOPs
1,CUTLASS,gemm,cutlass_tensorop_s1688gemm_f16_256x128_32x2_nt_align8,passed,success,universal,16384,16384,16384,f16:column,f16:row,f32:column,f32:column,1,0,serial,1,1,heuristic,invalid,invalid,false,false,1,tensorop,f32,256,128,32,1,1,1,1,1,1,2,4,2,1,16,8,8,75,1024,2147483648,8796629893120,4096,31.9482,62.6013,275340
1,CUTLASS,gemm,cutlass_tensorop_s16816gemm_f16_256x128_32x3_nt_align8,passed,success,universal,16384,16384,16384,f16:column,f16:row,f32:column,f32:column,1,0,serial,1,1,heuristic,invalid,invalid,false,false,1,tensorop,f32,256,128,32,1,1,1,1,1,1,3,4,2,1,16,8,16,80,1024,2147483648,8796629893120,4096,16.3241,122.519,538875



=============================
  Problem ID: 1

        Provider: [1;37mCUTLASS[0m
   OperationKind: [1;37mgemm[0m
       Operation: cutlass_tensorop_s1688gemm_f16_256x128_32x2_nt_align8

          Status: [1;37mSuccess[0m
    Verification: [1;37mON[0m
     Disposition: [1;32mPassed[0m

reference_device: Passed
          cuBLAS: Not run
           cuDNN: Not run

       Arguments: --gemm_kind=universal --m=16384 --n=16384 --k=16384 --A=f16:column --B=f16:row --C=f32:column --D=f32:column  \
                  --alpha=1 --beta=0 --split_k_mode=serial --split_k_slices=1 --batch_count=1 --raster_order=heuristic  \
                  --runtime_input_datatype_a=invalid --runtime_input_datatype_b=invalid --use_pdl=false --enable_sm90_mixed_dtype_shuffle_test=false  \
                  --swizzle_size=1 --op_class=tensorop --accum=f32 --cta_m=256 --cta_n=128 --cta_k=32 --cluster_m=1 --cluster_n=1  \
                  --cluster_k=1 --cluster_m_fallback=1 --cluster_n_fallback=1 --cluster_k_fallback=1 --stages=2 --warps_m=4  \
                  --warps_n=2 --warps_k=1 --inst_m=16 --inst_n=8 --inst_k=8 --min_cc=75 --max_cc=1024

           Bytes: 2147483648  bytes
           FLOPs: 8796629893120  flops
           FLOPs/Byte: 4096

         Runtime: 31.9469  ms
          Memory: 62.6038 GiB/s

            Math: 275351 GFLOP/s



=============================
  Problem ID: 1

        Provider: [1;37mCUTLASS[0m
   OperationKind: [1;37mgemm[0m
       Operation: cutlass_tensorop_s16816gemm_f16_256x128_32x3_nt_align8

          Status: [1;37mSuccess[0m
    Verification: [1;37mON[0m
     Disposition: [1;32mPassed[0m

reference_device: Passed
          cuBLAS: Not run
           cuDNN: Not run

       Arguments: --gemm_kind=universal --m=16384 --n=16384 --k=16384 --A=f16:column --B=f16:row --C=f32:column --D=f32:column  \
                  --alpha=1 --beta=0 --split_k_mode=serial --split_k_slices=1 --batch_count=1 --raster_order=heuristic  \
                  --runtime_input_datatype_a=invalid --runtime_input_datatype_b=invalid --use_pdl=false --enable_sm90_mixed_dtype_shuffle_test=false  \
                  --swizzle_size=1 --op_class=tensorop --accum=f32 --cta_m=256 --cta_n=128 --cta_k=32 --cluster_m=1 --cluster_n=1  \
                  --cluster_k=1 --cluster_m_fallback=1 --cluster_n_fallback=1 --cluster_k_fallback=1 --stages=3 --warps_m=4  \
                  --warps_n=2 --warps_k=1 --inst_m=16 --inst_n=8 --inst_k=16 --min_cc=80 --max_cc=1024

           Bytes: 2147483648  bytes
           FLOPs: 8796629893120  flops
           FLOPs/Byte: 4096

         Runtime: 16.3242  ms
          Memory: 122.517 GiB/s

            Math: 538871 GFLOP/s


=============================

CSV Results:

Problem,Provider,OperationKind,Operation,Disposition,Status,gemm_kind,m,n,k,A,B,C,D,alpha,beta,split_k_mode,split_k_slices,batch_count,raster_order,runtime_input_datatype_a,runtime_input_datatype_b,use_pdl,enable_sm90_mixed_dtype_shuffle_test,swizzle_size,op_class,accum,cta_m,cta_n,cta_k,cluster_m,cluster_n,cluster_k,cluster_m_fallback,cluster_n_fallback,cluster_k_fallback,stages,warps_m,warps_n,warps_k,inst_m,inst_n,inst_k,min_cc,max_cc,Bytes,Flops,Flops/Byte,Runtime,GB/s,GFLOPs
1,CUTLASS,gemm,cutlass_tensorop_s1688gemm_f16_256x128_32x2_nt_align8,passed,success,universal,16384,16384,16384,f16:column,f16:row,f32:column,f32:column,1,0,serial,1,1,heuristic,invalid,invalid,false,false,1,tensorop,f32,256,128,32,1,1,1,1,1,1,2,4,2,1,16,8,8,75,1024,2147483648,8796629893120,4096,31.9469,62.6038,275351
1,CUTLASS,gemm,cutlass_tensorop_s16816gemm_f16_256x128_32x3_nt_align8,passed,success,universal,16384,16384,16384,f16:column,f16:row,f32:column,f32:column,1,0,serial,1,1,heuristic,invalid,invalid,false,false,1,tensorop,f32,256,128,32,1,1,1,1,1,1,3,4,2,1,16,8,16,80,1024,2147483648,8796629893120,4096,16.3242,122.517,538871



=============================
  Problem ID: 1

        Provider: [1;37mCUTLASS[0m
   OperationKind: [1;37mgemm[0m
       Operation: cutlass_tensorop_s1688gemm_f16_256x128_32x2_nt_align8

          Status: [1;37mSuccess[0m
    Verification: [1;37mON[0m
     Disposition: [1;32mPassed[0m

reference_device: Passed
          cuBLAS: Not run
           cuDNN: Not run

       Arguments: --gemm_kind=universal --m=16384 --n=16384 --k=16384 --A=f16:column --B=f16:row --C=f32:column --D=f32:column  \
                  --alpha=1 --beta=0 --split_k_mode=serial --split_k_slices=1 --batch_count=1 --raster_order=heuristic  \
                  --runtime_input_datatype_a=invalid --runtime_input_datatype_b=invalid --use_pdl=false --enable_sm90_mixed_dtype_shuffle_test=false  \
                  --swizzle_size=1 --op_class=tensorop --accum=f32 --cta_m=256 --cta_n=128 --cta_k=32 --cluster_m=1 --cluster_n=1  \
                  --cluster_k=1 --cluster_m_fallback=1 --cluster_n_fallback=1 --cluster_k_fallback=1 --stages=2 --warps_m=4  \
                  --warps_n=2 --warps_k=1 --inst_m=16 --inst_n=8 --inst_k=8 --min_cc=75 --max_cc=1024

           Bytes: 2147483648  bytes
           FLOPs: 8796629893120  flops
           FLOPs/Byte: 4096

         Runtime: 31.9469  ms
          Memory: 62.6038 GiB/s

            Math: 275351 GFLOP/s



=============================
  Problem ID: 1

        Provider: [1;37mCUTLASS[0m
   OperationKind: [1;37mgemm[0m
       Operation: cutlass_tensorop_s16816gemm_f16_256x128_32x3_nt_align8

          Status: [1;37mSuccess[0m
    Verification: [1;37mON[0m
     Disposition: [1;32mPassed[0m

reference_device: Passed
          cuBLAS: Not run
           cuDNN: Not run

       Arguments: --gemm_kind=universal --m=16384 --n=16384 --k=16384 --A=f16:column --B=f16:row --C=f32:column --D=f32:column  \
                  --alpha=1 --beta=0 --split_k_mode=serial --split_k_slices=1 --batch_count=1 --raster_order=heuristic  \
                  --runtime_input_datatype_a=invalid --runtime_input_datatype_b=invalid --use_pdl=false --enable_sm90_mixed_dtype_shuffle_test=false  \
                  --swizzle_size=1 --op_class=tensorop --accum=f32 --cta_m=256 --cta_n=128 --cta_k=32 --cluster_m=1 --cluster_n=1  \
                  --cluster_k=1 --cluster_m_fallback=1 --cluster_n_fallback=1 --cluster_k_fallback=1 --stages=3 --warps_m=4  \
                  --warps_n=2 --warps_k=1 --inst_m=16 --inst_n=8 --inst_k=16 --min_cc=80 --max_cc=1024

           Bytes: 2147483648  bytes
           FLOPs: 8796629893120  flops
           FLOPs/Byte: 4096

         Runtime: 16.3243  ms
          Memory: 122.517 GiB/s

            Math: 538867 GFLOP/s


=============================

CSV Results:

Problem,Provider,OperationKind,Operation,Disposition,Status,gemm_kind,m,n,k,A,B,C,D,alpha,beta,split_k_mode,split_k_slices,batch_count,raster_order,runtime_input_datatype_a,runtime_input_datatype_b,use_pdl,enable_sm90_mixed_dtype_shuffle_test,swizzle_size,op_class,accum,cta_m,cta_n,cta_k,cluster_m,cluster_n,cluster_k,cluster_m_fallback,cluster_n_fallback,cluster_k_fallback,stages,warps_m,warps_n,warps_k,inst_m,inst_n,inst_k,min_cc,max_cc,Bytes,Flops,Flops/Byte,Runtime,GB/s,GFLOPs
1,CUTLASS,gemm,cutlass_tensorop_s1688gemm_f16_256x128_32x2_nt_align8,passed,success,universal,16384,16384,16384,f16:column,f16:row,f32:column,f32:column,1,0,serial,1,1,heuristic,invalid,invalid,false,false,1,tensorop,f32,256,128,32,1,1,1,1,1,1,2,4,2,1,16,8,8,75,1024,2147483648,8796629893120,4096,31.9469,62.6038,275351
1,CUTLASS,gemm,cutlass_tensorop_s16816gemm_f16_256x128_32x3_nt_align8,passed,success,universal,16384,16384,16384,f16:column,f16:row,f32:column,f32:column,1,0,serial,1,1,heuristic,invalid,invalid,false,false,1,tensorop,f32,256,128,32,1,1,1,1,1,1,3,4,2,1,16,8,16,80,1024,2147483648,8796629893120,4096,16.3243,122.517,538867



=============================
  Problem ID: 1

        Provider: [1;37mCUTLASS[0m
   OperationKind: [1;37mgemm[0m
       Operation: cutlass_tensorop_s1688gemm_f16_256x128_32x2_nt_align8

          Status: [1;37mSuccess[0m
    Verification: [1;37mON[0m
     Disposition: [1;32mPassed[0m

reference_device: Passed
          cuBLAS: Not run
           cuDNN: Not run

       Arguments: --gemm_kind=universal --m=16384 --n=16384 --k=16384 --A=f16:column --B=f16:row --C=f32:column --D=f32:column  \
                  --alpha=1 --beta=0 --split_k_mode=serial --split_k_slices=1 --batch_count=1 --raster_order=heuristic  \
                  --runtime_input_datatype_a=invalid --runtime_input_datatype_b=invalid --use_pdl=false --enable_sm90_mixed_dtype_shuffle_test=false  \
                  --swizzle_size=1 --op_class=tensorop --accum=f32 --cta_m=256 --cta_n=128 --cta_k=32 --cluster_m=1 --cluster_n=1  \
                  --cluster_k=1 --cluster_m_fallback=1 --cluster_n_fallback=1 --cluster_k_fallback=1 --stages=2 --warps_m=4  \
                  --warps_n=2 --warps_k=1 --inst_m=16 --inst_n=8 --inst_k=8 --min_cc=75 --max_cc=1024

           Bytes: 2147483648  bytes
           FLOPs: 8796629893120  flops
           FLOPs/Byte: 4096

         Runtime: 31.9472  ms
          Memory: 62.6034 GiB/s

            Math: 275349 GFLOP/s



=============================
  Problem ID: 1

        Provider: [1;37mCUTLASS[0m
   OperationKind: [1;37mgemm[0m
       Operation: cutlass_tensorop_s16816gemm_f16_256x128_32x3_nt_align8

          Status: [1;37mSuccess[0m
    Verification: [1;37mON[0m
     Disposition: [1;32mPassed[0m

reference_device: Passed
          cuBLAS: Not run
           cuDNN: Not run

       Arguments: --gemm_kind=universal --m=16384 --n=16384 --k=16384 --A=f16:column --B=f16:row --C=f32:column --D=f32:column  \
                  --alpha=1 --beta=0 --split_k_mode=serial --split_k_slices=1 --batch_count=1 --raster_order=heuristic  \
                  --runtime_input_datatype_a=invalid --runtime_input_datatype_b=invalid --use_pdl=false --enable_sm90_mixed_dtype_shuffle_test=false  \
                  --swizzle_size=1 --op_class=tensorop --accum=f32 --cta_m=256 --cta_n=128 --cta_k=32 --cluster_m=1 --cluster_n=1  \
                  --cluster_k=1 --cluster_m_fallback=1 --cluster_n_fallback=1 --cluster_k_fallback=1 --stages=3 --warps_m=4  \
                  --warps_n=2 --warps_k=1 --inst_m=16 --inst_n=8 --inst_k=16 --min_cc=80 --max_cc=1024

           Bytes: 2147483648  bytes
           FLOPs: 8796629893120  flops
           FLOPs/Byte: 4096

         Runtime: 16.3249  ms
          Memory: 122.512 GiB/s

            Math: 538847 GFLOP/s


=============================

CSV Results:

Problem,Provider,OperationKind,Operation,Disposition,Status,gemm_kind,m,n,k,A,B,C,D,alpha,beta,split_k_mode,split_k_slices,batch_count,raster_order,runtime_input_datatype_a,runtime_input_datatype_b,use_pdl,enable_sm90_mixed_dtype_shuffle_test,swizzle_size,op_class,accum,cta_m,cta_n,cta_k,cluster_m,cluster_n,cluster_k,cluster_m_fallback,cluster_n_fallback,cluster_k_fallback,stages,warps_m,warps_n,warps_k,inst_m,inst_n,inst_k,min_cc,max_cc,Bytes,Flops,Flops/Byte,Runtime,GB/s,GFLOPs
1,CUTLASS,gemm,cutlass_tensorop_s1688gemm_f16_256x128_32x2_nt_align8,passed,success,universal,16384,16384,16384,f16:column,f16:row,f32:column,f32:column,1,0,serial,1,1,heuristic,invalid,invalid,false,false,1,tensorop,f32,256,128,32,1,1,1,1,1,1,2,4,2,1,16,8,8,75,1024,2147483648,8796629893120,4096,31.9472,62.6034,275349
1,CUTLASS,gemm,cutlass_tensorop_s16816gemm_f16_256x128_32x3_nt_align8,passed,success,universal,16384,16384,16384,f16:column,f16:row,f32:column,f32:column,1,0,serial,1,1,heuristic,invalid,invalid,false,false,1,tensorop,f32,256,128,32,1,1,1,1,1,1,3,4,2,1,16,8,16,80,1024,2147483648,8796629893120,4096,16.3249,122.512,538847



=============================
  Problem ID: 1

        Provider: [1;37mCUTLASS[0m
   OperationKind: [1;37mgemm[0m
       Operation: cutlass_tensorop_s1688gemm_f16_256x128_32x2_nt_align8

          Status: [1;37mSuccess[0m
    Verification: [1;37mON[0m
     Disposition: [1;32mPassed[0m

reference_device: Passed
          cuBLAS: Not run
           cuDNN: Not run

       Arguments: --gemm_kind=universal --m=16384 --n=16384 --k=16384 --A=f16:column --B=f16:row --C=f32:column --D=f32:column  \
                  --alpha=1 --beta=0 --split_k_mode=serial --split_k_slices=1 --batch_count=1 --raster_order=heuristic  \
                  --runtime_input_datatype_a=invalid --runtime_input_datatype_b=invalid --use_pdl=false --enable_sm90_mixed_dtype_shuffle_test=false  \
                  --swizzle_size=1 --op_class=tensorop --accum=f32 --cta_m=256 --cta_n=128 --cta_k=32 --cluster_m=1 --cluster_n=1  \
                  --cluster_k=1 --cluster_m_fallback=1 --cluster_n_fallback=1 --cluster_k_fallback=1 --stages=2 --warps_m=4  \
                  --warps_n=2 --warps_k=1 --inst_m=16 --inst_n=8 --inst_k=8 --min_cc=75 --max_cc=1024

           Bytes: 2147483648  bytes
           FLOPs: 8796629893120  flops
           FLOPs/Byte: 4096

         Runtime: 31.947  ms
          Memory: 62.6036 GiB/s

            Math: 275351 GFLOP/s



=============================
  Problem ID: 1

        Provider: [1;37mCUTLASS[0m
   OperationKind: [1;37mgemm[0m
       Operation: cutlass_tensorop_s16816gemm_f16_256x128_32x3_nt_align8

          Status: [1;37mSuccess[0m
    Verification: [1;37mON[0m
     Disposition: [1;32mPassed[0m

reference_device: Passed
          cuBLAS: Not run
           cuDNN: Not run

       Arguments: --gemm_kind=universal --m=16384 --n=16384 --k=16384 --A=f16:column --B=f16:row --C=f32:column --D=f32:column  \
                  --alpha=1 --beta=0 --split_k_mode=serial --split_k_slices=1 --batch_count=1 --raster_order=heuristic  \
                  --runtime_input_datatype_a=invalid --runtime_input_datatype_b=invalid --use_pdl=false --enable_sm90_mixed_dtype_shuffle_test=false  \
                  --swizzle_size=1 --op_class=tensorop --accum=f32 --cta_m=256 --cta_n=128 --cta_k=32 --cluster_m=1 --cluster_n=1  \
                  --cluster_k=1 --cluster_m_fallback=1 --cluster_n_fallback=1 --cluster_k_fallback=1 --stages=3 --warps_m=4  \
                  --warps_n=2 --warps_k=1 --inst_m=16 --inst_n=8 --inst_k=16 --min_cc=80 --max_cc=1024

           Bytes: 2147483648  bytes
           FLOPs: 8796629893120  flops
           FLOPs/Byte: 4096

         Runtime: 16.324  ms
          Memory: 122.519 GiB/s

            Math: 538877 GFLOP/s


=============================

CSV Results:

Problem,Provider,OperationKind,Operation,Disposition,Status,gemm_kind,m,n,k,A,B,C,D,alpha,beta,split_k_mode,split_k_slices,batch_count,raster_order,runtime_input_datatype_a,runtime_input_datatype_b,use_pdl,enable_sm90_mixed_dtype_shuffle_test,swizzle_size,op_class,accum,cta_m,cta_n,cta_k,cluster_m,cluster_n,cluster_k,cluster_m_fallback,cluster_n_fallback,cluster_k_fallback,stages,warps_m,warps_n,warps_k,inst_m,inst_n,inst_k,min_cc,max_cc,Bytes,Flops,Flops/Byte,Runtime,GB/s,GFLOPs
1,CUTLASS,gemm,cutlass_tensorop_s1688gemm_f16_256x128_32x2_nt_align8,passed,success,universal,16384,16384,16384,f16:column,f16:row,f32:column,f32:column,1,0,serial,1,1,heuristic,invalid,invalid,false,false,1,tensorop,f32,256,128,32,1,1,1,1,1,1,2,4,2,1,16,8,8,75,1024,2147483648,8796629893120,4096,31.947,62.6036,275351
1,CUTLASS,gemm,cutlass_tensorop_s16816gemm_f16_256x128_32x3_nt_align8,passed,success,universal,16384,16384,16384,f16:column,f16:row,f32:column,f32:column,1,0,serial,1,1,heuristic,invalid,invalid,false,false,1,tensorop,f32,256,128,32,1,1,1,1,1,1,3,4,2,1,16,8,16,80,1024,2147483648,8796629893120,4096,16.324,122.519,538877



=============================
  Problem ID: 1

        Provider: [1;37mCUTLASS[0m
   OperationKind: [1;37mgemm[0m
       Operation: cutlass_tensorop_s1688gemm_f16_256x128_32x2_nt_align8

          Status: [1;37mSuccess[0m
    Verification: [1;37mON[0m
     Disposition: [1;32mPassed[0m

reference_device: Passed
          cuBLAS: Not run
           cuDNN: Not run

       Arguments: --gemm_kind=universal --m=16384 --n=16384 --k=16384 --A=f16:column --B=f16:row --C=f32:column --D=f32:column  \
                  --alpha=1 --beta=0 --split_k_mode=serial --split_k_slices=1 --batch_count=1 --raster_order=heuristic  \
                  --runtime_input_datatype_a=invalid --runtime_input_datatype_b=invalid --use_pdl=false --enable_sm90_mixed_dtype_shuffle_test=false  \
                  --swizzle_size=1 --op_class=tensorop --accum=f32 --cta_m=256 --cta_n=128 --cta_k=32 --cluster_m=1 --cluster_n=1  \
                  --cluster_k=1 --cluster_m_fallback=1 --cluster_n_fallback=1 --cluster_k_fallback=1 --stages=2 --warps_m=4  \
                  --warps_n=2 --warps_k=1 --inst_m=16 --inst_n=8 --inst_k=8 --min_cc=75 --max_cc=1024

           Bytes: 2147483648  bytes
           FLOPs: 8796629893120  flops
           FLOPs/Byte: 4096

         Runtime: 31.9519  ms
          Memory: 62.5941 GiB/s

            Math: 275308 GFLOP/s



=============================
  Problem ID: 1

        Provider: [1;37mCUTLASS[0m
   OperationKind: [1;37mgemm[0m
       Operation: cutlass_tensorop_s16816gemm_f16_256x128_32x3_nt_align8

          Status: [1;37mSuccess[0m
    Verification: [1;37mON[0m
     Disposition: [1;32mPassed[0m

reference_device: Passed
          cuBLAS: Not run
           cuDNN: Not run

       Arguments: --gemm_kind=universal --m=16384 --n=16384 --k=16384 --A=f16:column --B=f16:row --C=f32:column --D=f32:column  \
                  --alpha=1 --beta=0 --split_k_mode=serial --split_k_slices=1 --batch_count=1 --raster_order=heuristic  \
                  --runtime_input_datatype_a=invalid --runtime_input_datatype_b=invalid --use_pdl=false --enable_sm90_mixed_dtype_shuffle_test=false  \
                  --swizzle_size=1 --op_class=tensorop --accum=f32 --cta_m=256 --cta_n=128 --cta_k=32 --cluster_m=1 --cluster_n=1  \
                  --cluster_k=1 --cluster_m_fallback=1 --cluster_n_fallback=1 --cluster_k_fallback=1 --stages=3 --warps_m=4  \
                  --warps_n=2 --warps_k=1 --inst_m=16 --inst_n=8 --inst_k=16 --min_cc=80 --max_cc=1024

           Bytes: 2147483648  bytes
           FLOPs: 8796629893120  flops
           FLOPs/Byte: 4096

         Runtime: 16.3256  ms
          Memory: 122.507 GiB/s

            Math: 538824 GFLOP/s


=============================

CSV Results:

Problem,Provider,OperationKind,Operation,Disposition,Status,gemm_kind,m,n,k,A,B,C,D,alpha,beta,split_k_mode,split_k_slices,batch_count,raster_order,runtime_input_datatype_a,runtime_input_datatype_b,use_pdl,enable_sm90_mixed_dtype_shuffle_test,swizzle_size,op_class,accum,cta_m,cta_n,cta_k,cluster_m,cluster_n,cluster_k,cluster_m_fallback,cluster_n_fallback,cluster_k_fallback,stages,warps_m,warps_n,warps_k,inst_m,inst_n,inst_k,min_cc,max_cc,Bytes,Flops,Flops/Byte,Runtime,GB/s,GFLOPs
1,CUTLASS,gemm,cutlass_tensorop_s1688gemm_f16_256x128_32x2_nt_align8,passed,success,universal,16384,16384,16384,f16:column,f16:row,f32:column,f32:column,1,0,serial,1,1,heuristic,invalid,invalid,false,false,1,tensorop,f32,256,128,32,1,1,1,1,1,1,2,4,2,1,16,8,8,75,1024,2147483648,8796629893120,4096,31.9519,62.5941,275308
1,CUTLASS,gemm,cutlass_tensorop_s16816gemm_f16_256x128_32x3_nt_align8,passed,success,universal,16384,16384,16384,f16:column,f16:row,f32:column,f32:column,1,0,serial,1,1,heuristic,invalid,invalid,false,false,1,tensorop,f32,256,128,32,1,1,1,1,1,1,3,4,2,1,16,8,16,80,1024,2147483648,8796629893120,4096,16.3256,122.507,538824



=============================
  Problem ID: 1

        Provider: [1;37mCUTLASS[0m
   OperationKind: [1;37mgemm[0m
       Operation: cutlass_tensorop_s1688gemm_f16_256x128_32x2_nt_align8

          Status: [1;37mSuccess[0m
    Verification: [1;37mON[0m
     Disposition: [1;32mPassed[0m

reference_device: Passed
          cuBLAS: Not run
           cuDNN: Not run

       Arguments: --gemm_kind=universal --m=16384 --n=16384 --k=16384 --A=f16:column --B=f16:row --C=f32:column --D=f32:column  \
                  --alpha=1 --beta=0 --split_k_mode=serial --split_k_slices=1 --batch_count=1 --raster_order=heuristic  \
                  --runtime_input_datatype_a=invalid --runtime_input_datatype_b=invalid --use_pdl=false --enable_sm90_mixed_dtype_shuffle_test=false  \
                  --swizzle_size=1 --op_class=tensorop --accum=f32 --cta_m=256 --cta_n=128 --cta_k=32 --cluster_m=1 --cluster_n=1  \
                  --cluster_k=1 --cluster_m_fallback=1 --cluster_n_fallback=1 --cluster_k_fallback=1 --stages=2 --warps_m=4  \
                  --warps_n=2 --warps_k=1 --inst_m=16 --inst_n=8 --inst_k=8 --min_cc=75 --max_cc=1024

           Bytes: 2147483648  bytes
           FLOPs: 8796629893120  flops
           FLOPs/Byte: 4096

         Runtime: 31.9476  ms
          Memory: 62.6024 GiB/s

            Math: 275345 GFLOP/s



=============================
  Problem ID: 1

        Provider: [1;37mCUTLASS[0m
   OperationKind: [1;37mgemm[0m
       Operation: cutlass_tensorop_s16816gemm_f16_256x128_32x3_nt_align8

          Status: [1;37mSuccess[0m
    Verification: [1;37mON[0m
     Disposition: [1;32mPassed[0m

reference_device: Passed
          cuBLAS: Not run
           cuDNN: Not run

       Arguments: --gemm_kind=universal --m=16384 --n=16384 --k=16384 --A=f16:column --B=f16:row --C=f32:column --D=f32:column  \
                  --alpha=1 --beta=0 --split_k_mode=serial --split_k_slices=1 --batch_count=1 --raster_order=heuristic  \
                  --runtime_input_datatype_a=invalid --runtime_input_datatype_b=invalid --use_pdl=false --enable_sm90_mixed_dtype_shuffle_test=false  \
                  --swizzle_size=1 --op_class=tensorop --accum=f32 --cta_m=256 --cta_n=128 --cta_k=32 --cluster_m=1 --cluster_n=1  \
                  --cluster_k=1 --cluster_m_fallback=1 --cluster_n_fallback=1 --cluster_k_fallback=1 --stages=3 --warps_m=4  \
                  --warps_n=2 --warps_k=1 --inst_m=16 --inst_n=8 --inst_k=16 --min_cc=80 --max_cc=1024

           Bytes: 2147483648  bytes
           FLOPs: 8796629893120  flops
           FLOPs/Byte: 4096

         Runtime: 16.3243  ms
          Memory: 122.516 GiB/s

            Math: 538866 GFLOP/s


=============================

CSV Results:

Problem,Provider,OperationKind,Operation,Disposition,Status,gemm_kind,m,n,k,A,B,C,D,alpha,beta,split_k_mode,split_k_slices,batch_count,raster_order,runtime_input_datatype_a,runtime_input_datatype_b,use_pdl,enable_sm90_mixed_dtype_shuffle_test,swizzle_size,op_class,accum,cta_m,cta_n,cta_k,cluster_m,cluster_n,cluster_k,cluster_m_fallback,cluster_n_fallback,cluster_k_fallback,stages,warps_m,warps_n,warps_k,inst_m,inst_n,inst_k,min_cc,max_cc,Bytes,Flops,Flops/Byte,Runtime,GB/s,GFLOPs
1,CUTLASS,gemm,cutlass_tensorop_s1688gemm_f16_256x128_32x2_nt_align8,passed,success,universal,16384,16384,16384,f16:column,f16:row,f32:column,f32:column,1,0,serial,1,1,heuristic,invalid,invalid,false,false,1,tensorop,f32,256,128,32,1,1,1,1,1,1,2,4,2,1,16,8,8,75,1024,2147483648,8796629893120,4096,31.9476,62.6024,275345
1,CUTLASS,gemm,cutlass_tensorop_s16816gemm_f16_256x128_32x3_nt_align8,passed,success,universal,16384,16384,16384,f16:column,f16:row,f32:column,f32:column,1,0,serial,1,1,heuristic,invalid,invalid,false,false,1,tensorop,f32,256,128,32,1,1,1,1,1,1,3,4,2,1,16,8,16,80,1024,2147483648,8796629893120,4096,16.3243,122.516,538866



=============================
  Problem ID: 1

        Provider: [1;37mCUTLASS[0m
   OperationKind: [1;37mgemm[0m
       Operation: cutlass_tensorop_s1688gemm_f16_256x128_32x2_nt_align8

          Status: [1;37mSuccess[0m
    Verification: [1;37mON[0m
     Disposition: [1;32mPassed[0m

reference_device: Passed
          cuBLAS: Not run
           cuDNN: Not run

       Arguments: --gemm_kind=universal --m=16384 --n=16384 --k=16384 --A=f16:column --B=f16:row --C=f32:column --D=f32:column  \
                  --alpha=1 --beta=0 --split_k_mode=serial --split_k_slices=1 --batch_count=1 --raster_order=heuristic  \
                  --runtime_input_datatype_a=invalid --runtime_input_datatype_b=invalid --use_pdl=false --enable_sm90_mixed_dtype_shuffle_test=false  \
                  --swizzle_size=1 --op_class=tensorop --accum=f32 --cta_m=256 --cta_n=128 --cta_k=32 --cluster_m=1 --cluster_n=1  \
                  --cluster_k=1 --cluster_m_fallback=1 --cluster_n_fallback=1 --cluster_k_fallback=1 --stages=2 --warps_m=4  \
                  --warps_n=2 --warps_k=1 --inst_m=16 --inst_n=8 --inst_k=8 --min_cc=75 --max_cc=1024

           Bytes: 2147483648  bytes
           FLOPs: 8796629893120  flops
           FLOPs/Byte: 4096

         Runtime: 31.9475  ms
          Memory: 62.6026 GiB/s

            Math: 275346 GFLOP/s



=============================
  Problem ID: 1

        Provider: [1;37mCUTLASS[0m
   OperationKind: [1;37mgemm[0m
       Operation: cutlass_tensorop_s16816gemm_f16_256x128_32x3_nt_align8

          Status: [1;37mSuccess[0m
    Verification: [1;37mON[0m
     Disposition: [1;32mPassed[0m

reference_device: Passed
          cuBLAS: Not run
           cuDNN: Not run

       Arguments: --gemm_kind=universal --m=16384 --n=16384 --k=16384 --A=f16:column --B=f16:row --C=f32:column --D=f32:column  \
                  --alpha=1 --beta=0 --split_k_mode=serial --split_k_slices=1 --batch_count=1 --raster_order=heuristic  \
                  --runtime_input_datatype_a=invalid --runtime_input_datatype_b=invalid --use_pdl=false --enable_sm90_mixed_dtype_shuffle_test=false  \
                  --swizzle_size=1 --op_class=tensorop --accum=f32 --cta_m=256 --cta_n=128 --cta_k=32 --cluster_m=1 --cluster_n=1  \
                  --cluster_k=1 --cluster_m_fallback=1 --cluster_n_fallback=1 --cluster_k_fallback=1 --stages=3 --warps_m=4  \
                  --warps_n=2 --warps_k=1 --inst_m=16 --inst_n=8 --inst_k=16 --min_cc=80 --max_cc=1024

           Bytes: 2147483648  bytes
           FLOPs: 8796629893120  flops
           FLOPs/Byte: 4096

         Runtime: 16.3241  ms
          Memory: 122.518 GiB/s

            Math: 538873 GFLOP/s


=============================

CSV Results:

Problem,Provider,OperationKind,Operation,Disposition,Status,gemm_kind,m,n,k,A,B,C,D,alpha,beta,split_k_mode,split_k_slices,batch_count,raster_order,runtime_input_datatype_a,runtime_input_datatype_b,use_pdl,enable_sm90_mixed_dtype_shuffle_test,swizzle_size,op_class,accum,cta_m,cta_n,cta_k,cluster_m,cluster_n,cluster_k,cluster_m_fallback,cluster_n_fallback,cluster_k_fallback,stages,warps_m,warps_n,warps_k,inst_m,inst_n,inst_k,min_cc,max_cc,Bytes,Flops,Flops/Byte,Runtime,GB/s,GFLOPs
1,CUTLASS,gemm,cutlass_tensorop_s1688gemm_f16_256x128_32x2_nt_align8,passed,success,universal,16384,16384,16384,f16:column,f16:row,f32:column,f32:column,1,0,serial,1,1,heuristic,invalid,invalid,false,false,1,tensorop,f32,256,128,32,1,1,1,1,1,1,2,4,2,1,16,8,8,75,1024,2147483648,8796629893120,4096,31.9475,62.6026,275346
1,CUTLASS,gemm,cutlass_tensorop_s16816gemm_f16_256x128_32x3_nt_align8,passed,success,universal,16384,16384,16384,f16:column,f16:row,f32:column,f32:column,1,0,serial,1,1,heuristic,invalid,invalid,false,false,1,tensorop,f32,256,128,32,1,1,1,1,1,1,3,4,2,1,16,8,16,80,1024,2147483648,8796629893120,4096,16.3241,122.518,538873



=============================
  Problem ID: 1

        Provider: [1;37mCUTLASS[0m
   OperationKind: [1;37mgemm[0m
       Operation: cutlass_tensorop_s1688gemm_f16_256x128_32x2_nt_align8

          Status: [1;37mSuccess[0m
    Verification: [1;37mON[0m
     Disposition: [1;32mPassed[0m

reference_device: Passed
          cuBLAS: Not run
           cuDNN: Not run

       Arguments: --gemm_kind=universal --m=16384 --n=16384 --k=16384 --A=f16:column --B=f16:row --C=f32:column --D=f32:column  \
                  --alpha=1 --beta=0 --split_k_mode=serial --split_k_slices=1 --batch_count=1 --raster_order=heuristic  \
                  --runtime_input_datatype_a=invalid --runtime_input_datatype_b=invalid --use_pdl=false --enable_sm90_mixed_dtype_shuffle_test=false  \
                  --swizzle_size=1 --op_class=tensorop --accum=f32 --cta_m=256 --cta_n=128 --cta_k=32 --cluster_m=1 --cluster_n=1  \
                  --cluster_k=1 --cluster_m_fallback=1 --cluster_n_fallback=1 --cluster_k_fallback=1 --stages=2 --warps_m=4  \
                  --warps_n=2 --warps_k=1 --inst_m=16 --inst_n=8 --inst_k=8 --min_cc=75 --max_cc=1024

           Bytes: 2147483648  bytes
           FLOPs: 8796629893120  flops
           FLOPs/Byte: 4096

         Runtime: 31.9483  ms
          Memory: 62.6011 GiB/s

            Math: 275339 GFLOP/s



=============================
  Problem ID: 1

        Provider: [1;37mCUTLASS[0m
   OperationKind: [1;37mgemm[0m
       Operation: cutlass_tensorop_s16816gemm_f16_256x128_32x3_nt_align8

          Status: [1;37mSuccess[0m
    Verification: [1;37mON[0m
     Disposition: [1;32mPassed[0m

reference_device: Passed
          cuBLAS: Not run
           cuDNN: Not run

       Arguments: --gemm_kind=universal --m=16384 --n=16384 --k=16384 --A=f16:column --B=f16:row --C=f32:column --D=f32:column  \
                  --alpha=1 --beta=0 --split_k_mode=serial --split_k_slices=1 --batch_count=1 --raster_order=heuristic  \
                  --runtime_input_datatype_a=invalid --runtime_input_datatype_b=invalid --use_pdl=false --enable_sm90_mixed_dtype_shuffle_test=false  \
                  --swizzle_size=1 --op_class=tensorop --accum=f32 --cta_m=256 --cta_n=128 --cta_k=32 --cluster_m=1 --cluster_n=1  \
                  --cluster_k=1 --cluster_m_fallback=1 --cluster_n_fallback=1 --cluster_k_fallback=1 --stages=3 --warps_m=4  \
                  --warps_n=2 --warps_k=1 --inst_m=16 --inst_n=8 --inst_k=16 --min_cc=80 --max_cc=1024

           Bytes: 2147483648  bytes
           FLOPs: 8796629893120  flops
           FLOPs/Byte: 4096

         Runtime: 16.3255  ms
          Memory: 122.508 GiB/s

            Math: 538827 GFLOP/s


=============================

CSV Results:

Problem,Provider,OperationKind,Operation,Disposition,Status,gemm_kind,m,n,k,A,B,C,D,alpha,beta,split_k_mode,split_k_slices,batch_count,raster_order,runtime_input_datatype_a,runtime_input_datatype_b,use_pdl,enable_sm90_mixed_dtype_shuffle_test,swizzle_size,op_class,accum,cta_m,cta_n,cta_k,cluster_m,cluster_n,cluster_k,cluster_m_fallback,cluster_n_fallback,cluster_k_fallback,stages,warps_m,warps_n,warps_k,inst_m,inst_n,inst_k,min_cc,max_cc,Bytes,Flops,Flops/Byte,Runtime,GB/s,GFLOPs
1,CUTLASS,gemm,cutlass_tensorop_s1688gemm_f16_256x128_32x2_nt_align8,passed,success,universal,16384,16384,16384,f16:column,f16:row,f32:column,f32:column,1,0,serial,1,1,heuristic,invalid,invalid,false,false,1,tensorop,f32,256,128,32,1,1,1,1,1,1,2,4,2,1,16,8,8,75,1024,2147483648,8796629893120,4096,31.9483,62.6011,275339
1,CUTLASS,gemm,cutlass_tensorop_s16816gemm_f16_256x128_32x3_nt_align8,passed,success,universal,16384,16384,16384,f16:column,f16:row,f32:column,f32:column,1,0,serial,1,1,heuristic,invalid,invalid,false,false,1,tensorop,f32,256,128,32,1,1,1,1,1,1,3,4,2,1,16,8,16,80,1024,2147483648,8796629893120,4096,16.3255,122.508,538827



=============================
  Problem ID: 1

        Provider: [1;37mCUTLASS[0m
   OperationKind: [1;37mgemm[0m
       Operation: cutlass_tensorop_s1688gemm_f16_256x128_32x2_nt_align8

          Status: [1;37mSuccess[0m
    Verification: [1;37mON[0m
     Disposition: [1;32mPassed[0m

reference_device: Passed
          cuBLAS: Not run
           cuDNN: Not run

       Arguments: --gemm_kind=universal --m=16384 --n=16384 --k=16384 --A=f16:column --B=f16:row --C=f32:column --D=f32:column  \
                  --alpha=1 --beta=0 --split_k_mode=serial --split_k_slices=1 --batch_count=1 --raster_order=heuristic  \
                  --runtime_input_datatype_a=invalid --runtime_input_datatype_b=invalid --use_pdl=false --enable_sm90_mixed_dtype_shuffle_test=false  \
                  --swizzle_size=1 --op_class=tensorop --accum=f32 --cta_m=256 --cta_n=128 --cta_k=32 --cluster_m=1 --cluster_n=1  \
                  --cluster_k=1 --cluster_m_fallback=1 --cluster_n_fallback=1 --cluster_k_fallback=1 --stages=2 --warps_m=4  \
                  --warps_n=2 --warps_k=1 --inst_m=16 --inst_n=8 --inst_k=8 --min_cc=75 --max_cc=1024

           Bytes: 2147483648  bytes
           FLOPs: 8796629893120  flops
           FLOPs/Byte: 4096

         Runtime: 31.9489  ms
          Memory: 62.5999 GiB/s

            Math: 275334 GFLOP/s



=============================
  Problem ID: 1

        Provider: [1;37mCUTLASS[0m
   OperationKind: [1;37mgemm[0m
       Operation: cutlass_tensorop_s16816gemm_f16_256x128_32x3_nt_align8

          Status: [1;37mSuccess[0m
    Verification: [1;37mON[0m
     Disposition: [1;32mPassed[0m

reference_device: Passed
          cuBLAS: Not run
           cuDNN: Not run

       Arguments: --gemm_kind=universal --m=16384 --n=16384 --k=16384 --A=f16:column --B=f16:row --C=f32:column --D=f32:column  \
                  --alpha=1 --beta=0 --split_k_mode=serial --split_k_slices=1 --batch_count=1 --raster_order=heuristic  \
                  --runtime_input_datatype_a=invalid --runtime_input_datatype_b=invalid --use_pdl=false --enable_sm90_mixed_dtype_shuffle_test=false  \
                  --swizzle_size=1 --op_class=tensorop --accum=f32 --cta_m=256 --cta_n=128 --cta_k=32 --cluster_m=1 --cluster_n=1  \
                  --cluster_k=1 --cluster_m_fallback=1 --cluster_n_fallback=1 --cluster_k_fallback=1 --stages=3 --warps_m=4  \
                  --warps_n=2 --warps_k=1 --inst_m=16 --inst_n=8 --inst_k=16 --min_cc=80 --max_cc=1024

           Bytes: 2147483648  bytes
           FLOPs: 8796629893120  flops
           FLOPs/Byte: 4096

         Runtime: 16.3242  ms
          Memory: 122.518 GiB/s

            Math: 538871 GFLOP/s


=============================

CSV Results:

Problem,Provider,OperationKind,Operation,Disposition,Status,gemm_kind,m,n,k,A,B,C,D,alpha,beta,split_k_mode,split_k_slices,batch_count,raster_order,runtime_input_datatype_a,runtime_input_datatype_b,use_pdl,enable_sm90_mixed_dtype_shuffle_test,swizzle_size,op_class,accum,cta_m,cta_n,cta_k,cluster_m,cluster_n,cluster_k,cluster_m_fallback,cluster_n_fallback,cluster_k_fallback,stages,warps_m,warps_n,warps_k,inst_m,inst_n,inst_k,min_cc,max_cc,Bytes,Flops,Flops/Byte,Runtime,GB/s,GFLOPs
1,CUTLASS,gemm,cutlass_tensorop_s1688gemm_f16_256x128_32x2_nt_align8,passed,success,universal,16384,16384,16384,f16:column,f16:row,f32:column,f32:column,1,0,serial,1,1,heuristic,invalid,invalid,false,false,1,tensorop,f32,256,128,32,1,1,1,1,1,1,2,4,2,1,16,8,8,75,1024,2147483648,8796629893120,4096,31.9489,62.5999,275334
1,CUTLASS,gemm,cutlass_tensorop_s16816gemm_f16_256x128_32x3_nt_align8,passed,success,universal,16384,16384,16384,f16:column,f16:row,f32:column,f32:column,1,0,serial,1,1,heuristic,invalid,invalid,false,false,1,tensorop,f32,256,128,32,1,1,1,1,1,1,3,4,2,1,16,8,16,80,1024,2147483648,8796629893120,4096,16.3242,122.518,538871



=============================
  Problem ID: 1

        Provider: [1;37mCUTLASS[0m
   OperationKind: [1;37mgemm[0m
       Operation: cutlass_tensorop_s1688gemm_f16_256x128_32x2_nt_align8

          Status: [1;37mSuccess[0m
    Verification: [1;37mON[0m
     Disposition: [1;32mPassed[0m

reference_device: Passed
          cuBLAS: Not run
           cuDNN: Not run

       Arguments: --gemm_kind=universal --m=16384 --n=16384 --k=16384 --A=f16:column --B=f16:row --C=f32:column --D=f32:column  \
                  --alpha=1 --beta=0 --split_k_mode=serial --split_k_slices=1 --batch_count=1 --raster_order=heuristic  \
                  --runtime_input_datatype_a=invalid --runtime_input_datatype_b=invalid --use_pdl=false --enable_sm90_mixed_dtype_shuffle_test=false  \
                  --swizzle_size=1 --op_class=tensorop --accum=f32 --cta_m=256 --cta_n=128 --cta_k=32 --cluster_m=1 --cluster_n=1  \
                  --cluster_k=1 --cluster_m_fallback=1 --cluster_n_fallback=1 --cluster_k_fallback=1 --stages=2 --warps_m=4  \
                  --warps_n=2 --warps_k=1 --inst_m=16 --inst_n=8 --inst_k=8 --min_cc=75 --max_cc=1024

           Bytes: 2147483648  bytes
           FLOPs: 8796629893120  flops
           FLOPs/Byte: 4096

         Runtime: 31.948  ms
          Memory: 62.6017 GiB/s

            Math: 275342 GFLOP/s



=============================
  Problem ID: 1

        Provider: [1;37mCUTLASS[0m
   OperationKind: [1;37mgemm[0m
       Operation: cutlass_tensorop_s16816gemm_f16_256x128_32x3_nt_align8

          Status: [1;37mSuccess[0m
    Verification: [1;37mON[0m
     Disposition: [1;32mPassed[0m

reference_device: Passed
          cuBLAS: Not run
           cuDNN: Not run

       Arguments: --gemm_kind=universal --m=16384 --n=16384 --k=16384 --A=f16:column --B=f16:row --C=f32:column --D=f32:column  \
                  --alpha=1 --beta=0 --split_k_mode=serial --split_k_slices=1 --batch_count=1 --raster_order=heuristic  \
                  --runtime_input_datatype_a=invalid --runtime_input_datatype_b=invalid --use_pdl=false --enable_sm90_mixed_dtype_shuffle_test=false  \
                  --swizzle_size=1 --op_class=tensorop --accum=f32 --cta_m=256 --cta_n=128 --cta_k=32 --cluster_m=1 --cluster_n=1  \
                  --cluster_k=1 --cluster_m_fallback=1 --cluster_n_fallback=1 --cluster_k_fallback=1 --stages=3 --warps_m=4  \
                  --warps_n=2 --warps_k=1 --inst_m=16 --inst_n=8 --inst_k=16 --min_cc=80 --max_cc=1024

           Bytes: 2147483648  bytes
           FLOPs: 8796629893120  flops
           FLOPs/Byte: 4096

         Runtime: 16.3251  ms
          Memory: 122.511 GiB/s

            Math: 538842 GFLOP/s


=============================

CSV Results:

Problem,Provider,OperationKind,Operation,Disposition,Status,gemm_kind,m,n,k,A,B,C,D,alpha,beta,split_k_mode,split_k_slices,batch_count,raster_order,runtime_input_datatype_a,runtime_input_datatype_b,use_pdl,enable_sm90_mixed_dtype_shuffle_test,swizzle_size,op_class,accum,cta_m,cta_n,cta_k,cluster_m,cluster_n,cluster_k,cluster_m_fallback,cluster_n_fallback,cluster_k_fallback,stages,warps_m,warps_n,warps_k,inst_m,inst_n,inst_k,min_cc,max_cc,Bytes,Flops,Flops/Byte,Runtime,GB/s,GFLOPs
1,CUTLASS,gemm,cutlass_tensorop_s1688gemm_f16_256x128_32x2_nt_align8,passed,success,universal,16384,16384,16384,f16:column,f16:row,f32:column,f32:column,1,0,serial,1,1,heuristic,invalid,invalid,false,false,1,tensorop,f32,256,128,32,1,1,1,1,1,1,2,4,2,1,16,8,8,75,1024,2147483648,8796629893120,4096,31.948,62.6017,275342
1,CUTLASS,gemm,cutlass_tensorop_s16816gemm_f16_256x128_32x3_nt_align8,passed,success,universal,16384,16384,16384,f16:column,f16:row,f32:column,f32:column,1,0,serial,1,1,heuristic,invalid,invalid,false,false,1,tensorop,f32,256,128,32,1,1,1,1,1,1,3,4,2,1,16,8,16,80,1024,2147483648,8796629893120,4096,16.3251,122.511,538842



=============================
  Problem ID: 1

        Provider: [1;37mCUTLASS[0m
   OperationKind: [1;37mgemm[0m
       Operation: cutlass_tensorop_s1688gemm_f16_256x128_32x2_nt_align8

          Status: [1;37mSuccess[0m
    Verification: [1;37mON[0m
     Disposition: [1;32mPassed[0m

reference_device: Passed
          cuBLAS: Not run
           cuDNN: Not run

       Arguments: --gemm_kind=universal --m=16384 --n=16384 --k=16384 --A=f16:column --B=f16:row --C=f32:column --D=f32:column  \
                  --alpha=1 --beta=0 --split_k_mode=serial --split_k_slices=1 --batch_count=1 --raster_order=heuristic  \
                  --runtime_input_datatype_a=invalid --runtime_input_datatype_b=invalid --use_pdl=false --enable_sm90_mixed_dtype_shuffle_test=false  \
                  --swizzle_size=1 --op_class=tensorop --accum=f32 --cta_m=256 --cta_n=128 --cta_k=32 --cluster_m=1 --cluster_n=1  \
                  --cluster_k=1 --cluster_m_fallback=1 --cluster_n_fallback=1 --cluster_k_fallback=1 --stages=2 --warps_m=4  \
                  --warps_n=2 --warps_k=1 --inst_m=16 --inst_n=8 --inst_k=8 --min_cc=75 --max_cc=1024

           Bytes: 2147483648  bytes
           FLOPs: 8796629893120  flops
           FLOPs/Byte: 4096

         Runtime: 31.9487  ms
          Memory: 62.6003 GiB/s

            Math: 275336 GFLOP/s



=============================
  Problem ID: 1

        Provider: [1;37mCUTLASS[0m
   OperationKind: [1;37mgemm[0m
       Operation: cutlass_tensorop_s16816gemm_f16_256x128_32x3_nt_align8

          Status: [1;37mSuccess[0m
    Verification: [1;37mON[0m
     Disposition: [1;32mPassed[0m

reference_device: Passed
          cuBLAS: Not run
           cuDNN: Not run

       Arguments: --gemm_kind=universal --m=16384 --n=16384 --k=16384 --A=f16:column --B=f16:row --C=f32:column --D=f32:column  \
                  --alpha=1 --beta=0 --split_k_mode=serial --split_k_slices=1 --batch_count=1 --raster_order=heuristic  \
                  --runtime_input_datatype_a=invalid --runtime_input_datatype_b=invalid --use_pdl=false --enable_sm90_mixed_dtype_shuffle_test=false  \
                  --swizzle_size=1 --op_class=tensorop --accum=f32 --cta_m=256 --cta_n=128 --cta_k=32 --cluster_m=1 --cluster_n=1  \
                  --cluster_k=1 --cluster_m_fallback=1 --cluster_n_fallback=1 --cluster_k_fallback=1 --stages=3 --warps_m=4  \
                  --warps_n=2 --warps_k=1 --inst_m=16 --inst_n=8 --inst_k=16 --min_cc=80 --max_cc=1024

           Bytes: 2147483648  bytes
           FLOPs: 8796629893120  flops
           FLOPs/Byte: 4096

         Runtime: 16.3273  ms
          Memory: 122.494 GiB/s

            Math: 538767 GFLOP/s


=============================

CSV Results:

Problem,Provider,OperationKind,Operation,Disposition,Status,gemm_kind,m,n,k,A,B,C,D,alpha,beta,split_k_mode,split_k_slices,batch_count,raster_order,runtime_input_datatype_a,runtime_input_datatype_b,use_pdl,enable_sm90_mixed_dtype_shuffle_test,swizzle_size,op_class,accum,cta_m,cta_n,cta_k,cluster_m,cluster_n,cluster_k,cluster_m_fallback,cluster_n_fallback,cluster_k_fallback,stages,warps_m,warps_n,warps_k,inst_m,inst_n,inst_k,min_cc,max_cc,Bytes,Flops,Flops/Byte,Runtime,GB/s,GFLOPs
1,CUTLASS,gemm,cutlass_tensorop_s1688gemm_f16_256x128_32x2_nt_align8,passed,success,universal,16384,16384,16384,f16:column,f16:row,f32:column,f32:column,1,0,serial,1,1,heuristic,invalid,invalid,false,false,1,tensorop,f32,256,128,32,1,1,1,1,1,1,2,4,2,1,16,8,8,75,1024,2147483648,8796629893120,4096,31.9487,62.6003,275336
1,CUTLASS,gemm,cutlass_tensorop_s16816gemm_f16_256x128_32x3_nt_align8,passed,success,universal,16384,16384,16384,f16:column,f16:row,f32:column,f32:column,1,0,serial,1,1,heuristic,invalid,invalid,false,false,1,tensorop,f32,256,128,32,1,1,1,1,1,1,3,4,2,1,16,8,16,80,1024,2147483648,8796629893120,4096,16.3273,122.494,538767



=============================
  Problem ID: 1

        Provider: [1;37mCUTLASS[0m
   OperationKind: [1;37mgemm[0m
       Operation: cutlass_tensorop_s1688gemm_f16_256x128_32x2_nt_align8

          Status: [1;37mSuccess[0m
    Verification: [1;37mON[0m
     Disposition: [1;32mPassed[0m

reference_device: Passed
          cuBLAS: Not run
           cuDNN: Not run

       Arguments: --gemm_kind=universal --m=16384 --n=16384 --k=16384 --A=f16:column --B=f16:row --C=f32:column --D=f32:column  \
                  --alpha=1 --beta=0 --split_k_mode=serial --split_k_slices=1 --batch_count=1 --raster_order=heuristic  \
                  --runtime_input_datatype_a=invalid --runtime_input_datatype_b=invalid --use_pdl=false --enable_sm90_mixed_dtype_shuffle_test=false  \
                  --swizzle_size=1 --op_class=tensorop --accum=f32 --cta_m=256 --cta_n=128 --cta_k=32 --cluster_m=1 --cluster_n=1  \
                  --cluster_k=1 --cluster_m_fallback=1 --cluster_n_fallback=1 --cluster_k_fallback=1 --stages=2 --warps_m=4  \
                  --warps_n=2 --warps_k=1 --inst_m=16 --inst_n=8 --inst_k=8 --min_cc=75 --max_cc=1024

           Bytes: 2147483648  bytes
           FLOPs: 8796629893120  flops
           FLOPs/Byte: 4096

         Runtime: 31.9481  ms
          Memory: 62.6014 GiB/s

            Math: 275341 GFLOP/s



=============================
  Problem ID: 1

        Provider: [1;37mCUTLASS[0m
   OperationKind: [1;37mgemm[0m
       Operation: cutlass_tensorop_s16816gemm_f16_256x128_32x3_nt_align8

          Status: [1;37mSuccess[0m
    Verification: [1;37mON[0m
     Disposition: [1;32mPassed[0m

reference_device: Passed
          cuBLAS: Not run
           cuDNN: Not run

       Arguments: --gemm_kind=universal --m=16384 --n=16384 --k=16384 --A=f16:column --B=f16:row --C=f32:column --D=f32:column  \
                  --alpha=1 --beta=0 --split_k_mode=serial --split_k_slices=1 --batch_count=1 --raster_order=heuristic  \
                  --runtime_input_datatype_a=invalid --runtime_input_datatype_b=invalid --use_pdl=false --enable_sm90_mixed_dtype_shuffle_test=false  \
                  --swizzle_size=1 --op_class=tensorop --accum=f32 --cta_m=256 --cta_n=128 --cta_k=32 --cluster_m=1 --cluster_n=1  \
                  --cluster_k=1 --cluster_m_fallback=1 --cluster_n_fallback=1 --cluster_k_fallback=1 --stages=3 --warps_m=4  \
                  --warps_n=2 --warps_k=1 --inst_m=16 --inst_n=8 --inst_k=16 --min_cc=80 --max_cc=1024

           Bytes: 2147483648  bytes
           FLOPs: 8796629893120  flops
           FLOPs/Byte: 4096

         Runtime: 16.3242  ms
          Memory: 122.518 GiB/s

            Math: 538871 GFLOP/s


=============================

CSV Results:

Problem,Provider,OperationKind,Operation,Disposition,Status,gemm_kind,m,n,k,A,B,C,D,alpha,beta,split_k_mode,split_k_slices,batch_count,raster_order,runtime_input_datatype_a,runtime_input_datatype_b,use_pdl,enable_sm90_mixed_dtype_shuffle_test,swizzle_size,op_class,accum,cta_m,cta_n,cta_k,cluster_m,cluster_n,cluster_k,cluster_m_fallback,cluster_n_fallback,cluster_k_fallback,stages,warps_m,warps_n,warps_k,inst_m,inst_n,inst_k,min_cc,max_cc,Bytes,Flops,Flops/Byte,Runtime,GB/s,GFLOPs
1,CUTLASS,gemm,cutlass_tensorop_s1688gemm_f16_256x128_32x2_nt_align8,passed,success,universal,16384,16384,16384,f16:column,f16:row,f32:column,f32:column,1,0,serial,1,1,heuristic,invalid,invalid,false,false,1,tensorop,f32,256,128,32,1,1,1,1,1,1,2,4,2,1,16,8,8,75,1024,2147483648,8796629893120,4096,31.9481,62.6014,275341
1,CUTLASS,gemm,cutlass_tensorop_s16816gemm_f16_256x128_32x3_nt_align8,passed,success,universal,16384,16384,16384,f16:column,f16:row,f32:column,f32:column,1,0,serial,1,1,heuristic,invalid,invalid,false,false,1,tensorop,f32,256,128,32,1,1,1,1,1,1,3,4,2,1,16,8,16,80,1024,2147483648,8796629893120,4096,16.3242,122.518,538871



=============================
  Problem ID: 1

        Provider: [1;37mCUTLASS[0m
   OperationKind: [1;37mgemm[0m
       Operation: cutlass_tensorop_s1688gemm_f16_256x128_32x2_nt_align8

          Status: [1;37mSuccess[0m
    Verification: [1;37mON[0m
     Disposition: [1;32mPassed[0m

reference_device: Passed
          cuBLAS: Not run
           cuDNN: Not run

       Arguments: --gemm_kind=universal --m=16384 --n=16384 --k=16384 --A=f16:column --B=f16:row --C=f32:column --D=f32:column  \
                  --alpha=1 --beta=0 --split_k_mode=serial --split_k_slices=1 --batch_count=1 --raster_order=heuristic  \
                  --runtime_input_datatype_a=invalid --runtime_input_datatype_b=invalid --use_pdl=false --enable_sm90_mixed_dtype_shuffle_test=false  \
                  --swizzle_size=1 --op_class=tensorop --accum=f32 --cta_m=256 --cta_n=128 --cta_k=32 --cluster_m=1 --cluster_n=1  \
                  --cluster_k=1 --cluster_m_fallback=1 --cluster_n_fallback=1 --cluster_k_fallback=1 --stages=2 --warps_m=4  \
                  --warps_n=2 --warps_k=1 --inst_m=16 --inst_n=8 --inst_k=8 --min_cc=75 --max_cc=1024

           Bytes: 2147483648  bytes
           FLOPs: 8796629893120  flops
           FLOPs/Byte: 4096

         Runtime: 31.9478  ms
          Memory: 62.6022 GiB/s

            Math: 275344 GFLOP/s



=============================
  Problem ID: 1

        Provider: [1;37mCUTLASS[0m
   OperationKind: [1;37mgemm[0m
       Operation: cutlass_tensorop_s16816gemm_f16_256x128_32x3_nt_align8

          Status: [1;37mSuccess[0m
    Verification: [1;37mON[0m
     Disposition: [1;32mPassed[0m

reference_device: Passed
          cuBLAS: Not run
           cuDNN: Not run

       Arguments: --gemm_kind=universal --m=16384 --n=16384 --k=16384 --A=f16:column --B=f16:row --C=f32:column --D=f32:column  \
                  --alpha=1 --beta=0 --split_k_mode=serial --split_k_slices=1 --batch_count=1 --raster_order=heuristic  \
                  --runtime_input_datatype_a=invalid --runtime_input_datatype_b=invalid --use_pdl=false --enable_sm90_mixed_dtype_shuffle_test=false  \
                  --swizzle_size=1 --op_class=tensorop --accum=f32 --cta_m=256 --cta_n=128 --cta_k=32 --cluster_m=1 --cluster_n=1  \
                  --cluster_k=1 --cluster_m_fallback=1 --cluster_n_fallback=1 --cluster_k_fallback=1 --stages=3 --warps_m=4  \
                  --warps_n=2 --warps_k=1 --inst_m=16 --inst_n=8 --inst_k=16 --min_cc=80 --max_cc=1024

           Bytes: 2147483648  bytes
           FLOPs: 8796629893120  flops
           FLOPs/Byte: 4096

         Runtime: 16.3257  ms
          Memory: 122.506 GiB/s

            Math: 538820 GFLOP/s


=============================

CSV Results:

Problem,Provider,OperationKind,Operation,Disposition,Status,gemm_kind,m,n,k,A,B,C,D,alpha,beta,split_k_mode,split_k_slices,batch_count,raster_order,runtime_input_datatype_a,runtime_input_datatype_b,use_pdl,enable_sm90_mixed_dtype_shuffle_test,swizzle_size,op_class,accum,cta_m,cta_n,cta_k,cluster_m,cluster_n,cluster_k,cluster_m_fallback,cluster_n_fallback,cluster_k_fallback,stages,warps_m,warps_n,warps_k,inst_m,inst_n,inst_k,min_cc,max_cc,Bytes,Flops,Flops/Byte,Runtime,GB/s,GFLOPs
1,CUTLASS,gemm,cutlass_tensorop_s1688gemm_f16_256x128_32x2_nt_align8,passed,success,universal,16384,16384,16384,f16:column,f16:row,f32:column,f32:column,1,0,serial,1,1,heuristic,invalid,invalid,false,false,1,tensorop,f32,256,128,32,1,1,1,1,1,1,2,4,2,1,16,8,8,75,1024,2147483648,8796629893120,4096,31.9478,62.6022,275344
1,CUTLASS,gemm,cutlass_tensorop_s16816gemm_f16_256x128_32x3_nt_align8,passed,success,universal,16384,16384,16384,f16:column,f16:row,f32:column,f32:column,1,0,serial,1,1,heuristic,invalid,invalid,false,false,1,tensorop,f32,256,128,32,1,1,1,1,1,1,3,4,2,1,16,8,16,80,1024,2147483648,8796629893120,4096,16.3257,122.506,538820



=============================
  Problem ID: 1

        Provider: [1;37mCUTLASS[0m
   OperationKind: [1;37mgemm[0m
       Operation: cutlass_tensorop_s1688gemm_f16_256x128_32x2_nt_align8

          Status: [1;37mSuccess[0m
    Verification: [1;37mON[0m
     Disposition: [1;32mPassed[0m

reference_device: Passed
          cuBLAS: Not run
           cuDNN: Not run

       Arguments: --gemm_kind=universal --m=16384 --n=16384 --k=16384 --A=f16:column --B=f16:row --C=f32:column --D=f32:column  \
                  --alpha=1 --beta=0 --split_k_mode=serial --split_k_slices=1 --batch_count=1 --raster_order=heuristic  \
                  --runtime_input_datatype_a=invalid --runtime_input_datatype_b=invalid --use_pdl=false --enable_sm90_mixed_dtype_shuffle_test=false  \
                  --swizzle_size=1 --op_class=tensorop --accum=f32 --cta_m=256 --cta_n=128 --cta_k=32 --cluster_m=1 --cluster_n=1  \
                  --cluster_k=1 --cluster_m_fallback=1 --cluster_n_fallback=1 --cluster_k_fallback=1 --stages=2 --warps_m=4  \
                  --warps_n=2 --warps_k=1 --inst_m=16 --inst_n=8 --inst_k=8 --min_cc=75 --max_cc=1024

           Bytes: 2147483648  bytes
           FLOPs: 8796629893120  flops
           FLOPs/Byte: 4096

         Runtime: 31.9463  ms
          Memory: 62.6051 GiB/s

            Math: 275357 GFLOP/s



=============================
  Problem ID: 1

        Provider: [1;37mCUTLASS[0m
   OperationKind: [1;37mgemm[0m
       Operation: cutlass_tensorop_s16816gemm_f16_256x128_32x3_nt_align8

          Status: [1;37mSuccess[0m
    Verification: [1;37mON[0m
     Disposition: [1;32mPassed[0m

reference_device: Passed
          cuBLAS: Not run
           cuDNN: Not run

       Arguments: --gemm_kind=universal --m=16384 --n=16384 --k=16384 --A=f16:column --B=f16:row --C=f32:column --D=f32:column  \
                  --alpha=1 --beta=0 --split_k_mode=serial --split_k_slices=1 --batch_count=1 --raster_order=heuristic  \
                  --runtime_input_datatype_a=invalid --runtime_input_datatype_b=invalid --use_pdl=false --enable_sm90_mixed_dtype_shuffle_test=false  \
                  --swizzle_size=1 --op_class=tensorop --accum=f32 --cta_m=256 --cta_n=128 --cta_k=32 --cluster_m=1 --cluster_n=1  \
                  --cluster_k=1 --cluster_m_fallback=1 --cluster_n_fallback=1 --cluster_k_fallback=1 --stages=3 --warps_m=4  \
                  --warps_n=2 --warps_k=1 --inst_m=16 --inst_n=8 --inst_k=16 --min_cc=80 --max_cc=1024

           Bytes: 2147483648  bytes
           FLOPs: 8796629893120  flops
           FLOPs/Byte: 4096

         Runtime: 16.3239  ms
          Memory: 122.52 GiB/s

            Math: 538879 GFLOP/s


=============================

CSV Results:

Problem,Provider,OperationKind,Operation,Disposition,Status,gemm_kind,m,n,k,A,B,C,D,alpha,beta,split_k_mode,split_k_slices,batch_count,raster_order,runtime_input_datatype_a,runtime_input_datatype_b,use_pdl,enable_sm90_mixed_dtype_shuffle_test,swizzle_size,op_class,accum,cta_m,cta_n,cta_k,cluster_m,cluster_n,cluster_k,cluster_m_fallback,cluster_n_fallback,cluster_k_fallback,stages,warps_m,warps_n,warps_k,inst_m,inst_n,inst_k,min_cc,max_cc,Bytes,Flops,Flops/Byte,Runtime,GB/s,GFLOPs
1,CUTLASS,gemm,cutlass_tensorop_s1688gemm_f16_256x128_32x2_nt_align8,passed,success,universal,16384,16384,16384,f16:column,f16:row,f32:column,f32:column,1,0,serial,1,1,heuristic,invalid,invalid,false,false,1,tensorop,f32,256,128,32,1,1,1,1,1,1,2,4,2,1,16,8,8,75,1024,2147483648,8796629893120,4096,31.9463,62.6051,275357
1,CUTLASS,gemm,cutlass_tensorop_s16816gemm_f16_256x128_32x3_nt_align8,passed,success,universal,16384,16384,16384,f16:column,f16:row,f32:column,f32:column,1,0,serial,1,1,heuristic,invalid,invalid,false,false,1,tensorop,f32,256,128,32,1,1,1,1,1,1,3,4,2,1,16,8,16,80,1024,2147483648,8796629893120,4096,16.3239,122.52,538879



=============================
  Problem ID: 1

        Provider: [1;37mCUTLASS[0m
   OperationKind: [1;37mgemm[0m
       Operation: cutlass_tensorop_s1688gemm_f16_256x128_32x2_nt_align8

          Status: [1;37mSuccess[0m
    Verification: [1;37mON[0m
     Disposition: [1;32mPassed[0m

reference_device: Passed
          cuBLAS: Not run
           cuDNN: Not run

       Arguments: --gemm_kind=universal --m=16384 --n=16384 --k=16384 --A=f16:column --B=f16:row --C=f32:column --D=f32:column  \
                  --alpha=1 --beta=0 --split_k_mode=serial --split_k_slices=1 --batch_count=1 --raster_order=heuristic  \
                  --runtime_input_datatype_a=invalid --runtime_input_datatype_b=invalid --use_pdl=false --enable_sm90_mixed_dtype_shuffle_test=false  \
                  --swizzle_size=1 --op_class=tensorop --accum=f32 --cta_m=256 --cta_n=128 --cta_k=32 --cluster_m=1 --cluster_n=1  \
                  --cluster_k=1 --cluster_m_fallback=1 --cluster_n_fallback=1 --cluster_k_fallback=1 --stages=2 --warps_m=4  \
                  --warps_n=2 --warps_k=1 --inst_m=16 --inst_n=8 --inst_k=8 --min_cc=75 --max_cc=1024

           Bytes: 2147483648  bytes
           FLOPs: 8796629893120  flops
           FLOPs/Byte: 4096

         Runtime: 31.9474  ms
          Memory: 62.6029 GiB/s

            Math: 275347 GFLOP/s



=============================
  Problem ID: 1

        Provider: [1;37mCUTLASS[0m
   OperationKind: [1;37mgemm[0m
       Operation: cutlass_tensorop_s16816gemm_f16_256x128_32x3_nt_align8

          Status: [1;37mSuccess[0m
    Verification: [1;37mON[0m
     Disposition: [1;32mPassed[0m

reference_device: Passed
          cuBLAS: Not run
           cuDNN: Not run

       Arguments: --gemm_kind=universal --m=16384 --n=16384 --k=16384 --A=f16:column --B=f16:row --C=f32:column --D=f32:column  \
                  --alpha=1 --beta=0 --split_k_mode=serial --split_k_slices=1 --batch_count=1 --raster_order=heuristic  \
                  --runtime_input_datatype_a=invalid --runtime_input_datatype_b=invalid --use_pdl=false --enable_sm90_mixed_dtype_shuffle_test=false  \
                  --swizzle_size=1 --op_class=tensorop --accum=f32 --cta_m=256 --cta_n=128 --cta_k=32 --cluster_m=1 --cluster_n=1  \
                  --cluster_k=1 --cluster_m_fallback=1 --cluster_n_fallback=1 --cluster_k_fallback=1 --stages=3 --warps_m=4  \
                  --warps_n=2 --warps_k=1 --inst_m=16 --inst_n=8 --inst_k=16 --min_cc=80 --max_cc=1024

           Bytes: 2147483648  bytes
           FLOPs: 8796629893120  flops
           FLOPs/Byte: 4096

         Runtime: 16.3236  ms
          Memory: 122.522 GiB/s

            Math: 538890 GFLOP/s


=============================

CSV Results:

Problem,Provider,OperationKind,Operation,Disposition,Status,gemm_kind,m,n,k,A,B,C,D,alpha,beta,split_k_mode,split_k_slices,batch_count,raster_order,runtime_input_datatype_a,runtime_input_datatype_b,use_pdl,enable_sm90_mixed_dtype_shuffle_test,swizzle_size,op_class,accum,cta_m,cta_n,cta_k,cluster_m,cluster_n,cluster_k,cluster_m_fallback,cluster_n_fallback,cluster_k_fallback,stages,warps_m,warps_n,warps_k,inst_m,inst_n,inst_k,min_cc,max_cc,Bytes,Flops,Flops/Byte,Runtime,GB/s,GFLOPs
1,CUTLASS,gemm,cutlass_tensorop_s1688gemm_f16_256x128_32x2_nt_align8,passed,success,universal,16384,16384,16384,f16:column,f16:row,f32:column,f32:column,1,0,serial,1,1,heuristic,invalid,invalid,false,false,1,tensorop,f32,256,128,32,1,1,1,1,1,1,2,4,2,1,16,8,8,75,1024,2147483648,8796629893120,4096,31.9474,62.6029,275347
1,CUTLASS,gemm,cutlass_tensorop_s16816gemm_f16_256x128_32x3_nt_align8,passed,success,universal,16384,16384,16384,f16:column,f16:row,f32:column,f32:column,1,0,serial,1,1,heuristic,invalid,invalid,false,false,1,tensorop,f32,256,128,32,1,1,1,1,1,1,3,4,2,1,16,8,16,80,1024,2147483648,8796629893120,4096,16.3236,122.522,538890



=============================
  Problem ID: 1

        Provider: [1;37mCUTLASS[0m
   OperationKind: [1;37mgemm[0m
       Operation: cutlass_tensorop_s1688gemm_f16_256x128_32x2_nt_align8

          Status: [1;37mSuccess[0m
    Verification: [1;37mON[0m
     Disposition: [1;32mPassed[0m

reference_device: Passed
          cuBLAS: Not run
           cuDNN: Not run

       Arguments: --gemm_kind=universal --m=16384 --n=16384 --k=16384 --A=f16:column --B=f16:row --C=f32:column --D=f32:column  \
                  --alpha=1 --beta=0 --split_k_mode=serial --split_k_slices=1 --batch_count=1 --raster_order=heuristic  \
                  --runtime_input_datatype_a=invalid --runtime_input_datatype_b=invalid --use_pdl=false --enable_sm90_mixed_dtype_shuffle_test=false  \
                  --swizzle_size=1 --op_class=tensorop --accum=f32 --cta_m=256 --cta_n=128 --cta_k=32 --cluster_m=1 --cluster_n=1  \
                  --cluster_k=1 --cluster_m_fallback=1 --cluster_n_fallback=1 --cluster_k_fallback=1 --stages=2 --warps_m=4  \
                  --warps_n=2 --warps_k=1 --inst_m=16 --inst_n=8 --inst_k=8 --min_cc=75 --max_cc=1024

           Bytes: 2147483648  bytes
           FLOPs: 8796629893120  flops
           FLOPs/Byte: 4096

         Runtime: 31.9484  ms
          Memory: 62.601 GiB/s

            Math: 275339 GFLOP/s



=============================
  Problem ID: 1

        Provider: [1;37mCUTLASS[0m
   OperationKind: [1;37mgemm[0m
       Operation: cutlass_tensorop_s16816gemm_f16_256x128_32x3_nt_align8

          Status: [1;37mSuccess[0m
    Verification: [1;37mON[0m
     Disposition: [1;32mPassed[0m

reference_device: Passed
          cuBLAS: Not run
           cuDNN: Not run

       Arguments: --gemm_kind=universal --m=16384 --n=16384 --k=16384 --A=f16:column --B=f16:row --C=f32:column --D=f32:column  \
                  --alpha=1 --beta=0 --split_k_mode=serial --split_k_slices=1 --batch_count=1 --raster_order=heuristic  \
                  --runtime_input_datatype_a=invalid --runtime_input_datatype_b=invalid --use_pdl=false --enable_sm90_mixed_dtype_shuffle_test=false  \
                  --swizzle_size=1 --op_class=tensorop --accum=f32 --cta_m=256 --cta_n=128 --cta_k=32 --cluster_m=1 --cluster_n=1  \
                  --cluster_k=1 --cluster_m_fallback=1 --cluster_n_fallback=1 --cluster_k_fallback=1 --stages=3 --warps_m=4  \
                  --warps_n=2 --warps_k=1 --inst_m=16 --inst_n=8 --inst_k=16 --min_cc=80 --max_cc=1024

           Bytes: 2147483648  bytes
           FLOPs: 8796629893120  flops
           FLOPs/Byte: 4096

         Runtime: 16.3256  ms
          Memory: 122.507 GiB/s

            Math: 538825 GFLOP/s


=============================

CSV Results:

Problem,Provider,OperationKind,Operation,Disposition,Status,gemm_kind,m,n,k,A,B,C,D,alpha,beta,split_k_mode,split_k_slices,batch_count,raster_order,runtime_input_datatype_a,runtime_input_datatype_b,use_pdl,enable_sm90_mixed_dtype_shuffle_test,swizzle_size,op_class,accum,cta_m,cta_n,cta_k,cluster_m,cluster_n,cluster_k,cluster_m_fallback,cluster_n_fallback,cluster_k_fallback,stages,warps_m,warps_n,warps_k,inst_m,inst_n,inst_k,min_cc,max_cc,Bytes,Flops,Flops/Byte,Runtime,GB/s,GFLOPs
1,CUTLASS,gemm,cutlass_tensorop_s1688gemm_f16_256x128_32x2_nt_align8,passed,success,universal,16384,16384,16384,f16:column,f16:row,f32:column,f32:column,1,0,serial,1,1,heuristic,invalid,invalid,false,false,1,tensorop,f32,256,128,32,1,1,1,1,1,1,2,4,2,1,16,8,8,75,1024,2147483648,8796629893120,4096,31.9484,62.601,275339
1,CUTLASS,gemm,cutlass_tensorop_s16816gemm_f16_256x128_32x3_nt_align8,passed,success,universal,16384,16384,16384,f16:column,f16:row,f32:column,f32:column,1,0,serial,1,1,heuristic,invalid,invalid,false,false,1,tensorop,f32,256,128,32,1,1,1,1,1,1,3,4,2,1,16,8,16,80,1024,2147483648,8796629893120,4096,16.3256,122.507,538825



=============================
  Problem ID: 1

        Provider: [1;37mCUTLASS[0m
   OperationKind: [1;37mgemm[0m
       Operation: cutlass_tensorop_s1688gemm_f16_256x128_32x2_nt_align8

          Status: [1;37mSuccess[0m
    Verification: [1;37mON[0m
     Disposition: [1;32mPassed[0m

reference_device: Passed
          cuBLAS: Not run
           cuDNN: Not run

       Arguments: --gemm_kind=universal --m=16384 --n=16384 --k=16384 --A=f16:column --B=f16:row --C=f32:column --D=f32:column  \
                  --alpha=1 --beta=0 --split_k_mode=serial --split_k_slices=1 --batch_count=1 --raster_order=heuristic  \
                  --runtime_input_datatype_a=invalid --runtime_input_datatype_b=invalid --use_pdl=false --enable_sm90_mixed_dtype_shuffle_test=false  \
                  --swizzle_size=1 --op_class=tensorop --accum=f32 --cta_m=256 --cta_n=128 --cta_k=32 --cluster_m=1 --cluster_n=1  \
                  --cluster_k=1 --cluster_m_fallback=1 --cluster_n_fallback=1 --cluster_k_fallback=1 --stages=2 --warps_m=4  \
                  --warps_n=2 --warps_k=1 --inst_m=16 --inst_n=8 --inst_k=8 --min_cc=75 --max_cc=1024

           Bytes: 2147483648  bytes
           FLOPs: 8796629893120  flops
           FLOPs/Byte: 4096

         Runtime: 31.9475  ms
          Memory: 62.6027 GiB/s

            Math: 275346 GFLOP/s



=============================
  Problem ID: 1

        Provider: [1;37mCUTLASS[0m
   OperationKind: [1;37mgemm[0m
       Operation: cutlass_tensorop_s16816gemm_f16_256x128_32x3_nt_align8

          Status: [1;37mSuccess[0m
    Verification: [1;37mON[0m
     Disposition: [1;32mPassed[0m

reference_device: Passed
          cuBLAS: Not run
           cuDNN: Not run

       Arguments: --gemm_kind=universal --m=16384 --n=16384 --k=16384 --A=f16:column --B=f16:row --C=f32:column --D=f32:column  \
                  --alpha=1 --beta=0 --split_k_mode=serial --split_k_slices=1 --batch_count=1 --raster_order=heuristic  \
                  --runtime_input_datatype_a=invalid --runtime_input_datatype_b=invalid --use_pdl=false --enable_sm90_mixed_dtype_shuffle_test=false  \
                  --swizzle_size=1 --op_class=tensorop --accum=f32 --cta_m=256 --cta_n=128 --cta_k=32 --cluster_m=1 --cluster_n=1  \
                  --cluster_k=1 --cluster_m_fallback=1 --cluster_n_fallback=1 --cluster_k_fallback=1 --stages=3 --warps_m=4  \
                  --warps_n=2 --warps_k=1 --inst_m=16 --inst_n=8 --inst_k=16 --min_cc=80 --max_cc=1024

           Bytes: 2147483648  bytes
           FLOPs: 8796629893120  flops
           FLOPs/Byte: 4096

         Runtime: 16.325  ms
          Memory: 122.512 GiB/s

            Math: 538845 GFLOP/s


=============================

CSV Results:

Problem,Provider,OperationKind,Operation,Disposition,Status,gemm_kind,m,n,k,A,B,C,D,alpha,beta,split_k_mode,split_k_slices,batch_count,raster_order,runtime_input_datatype_a,runtime_input_datatype_b,use_pdl,enable_sm90_mixed_dtype_shuffle_test,swizzle_size,op_class,accum,cta_m,cta_n,cta_k,cluster_m,cluster_n,cluster_k,cluster_m_fallback,cluster_n_fallback,cluster_k_fallback,stages,warps_m,warps_n,warps_k,inst_m,inst_n,inst_k,min_cc,max_cc,Bytes,Flops,Flops/Byte,Runtime,GB/s,GFLOPs
1,CUTLASS,gemm,cutlass_tensorop_s1688gemm_f16_256x128_32x2_nt_align8,passed,success,universal,16384,16384,16384,f16:column,f16:row,f32:column,f32:column,1,0,serial,1,1,heuristic,invalid,invalid,false,false,1,tensorop,f32,256,128,32,1,1,1,1,1,1,2,4,2,1,16,8,8,75,1024,2147483648,8796629893120,4096,31.9475,62.6027,275346
1,CUTLASS,gemm,cutlass_tensorop_s16816gemm_f16_256x128_32x3_nt_align8,passed,success,universal,16384,16384,16384,f16:column,f16:row,f32:column,f32:column,1,0,serial,1,1,heuristic,invalid,invalid,false,false,1,tensorop,f32,256,128,32,1,1,1,1,1,1,3,4,2,1,16,8,16,80,1024,2147483648,8796629893120,4096,16.325,122.512,538845



=============================
  Problem ID: 1

        Provider: [1;37mCUTLASS[0m
   OperationKind: [1;37mgemm[0m
       Operation: cutlass_tensorop_s1688gemm_f16_256x128_32x2_nt_align8

          Status: [1;37mSuccess[0m
    Verification: [1;37mON[0m
     Disposition: [1;32mPassed[0m

reference_device: Passed
          cuBLAS: Not run
           cuDNN: Not run

       Arguments: --gemm_kind=universal --m=16384 --n=16384 --k=16384 --A=f16:column --B=f16:row --C=f32:column --D=f32:column  \
                  --alpha=1 --beta=0 --split_k_mode=serial --split_k_slices=1 --batch_count=1 --raster_order=heuristic  \
                  --runtime_input_datatype_a=invalid --runtime_input_datatype_b=invalid --use_pdl=false --enable_sm90_mixed_dtype_shuffle_test=false  \
                  --swizzle_size=1 --op_class=tensorop --accum=f32 --cta_m=256 --cta_n=128 --cta_k=32 --cluster_m=1 --cluster_n=1  \
                  --cluster_k=1 --cluster_m_fallback=1 --cluster_n_fallback=1 --cluster_k_fallback=1 --stages=2 --warps_m=4  \
                  --warps_n=2 --warps_k=1 --inst_m=16 --inst_n=8 --inst_k=8 --min_cc=75 --max_cc=1024

           Bytes: 2147483648  bytes
           FLOPs: 8796629893120  flops
           FLOPs/Byte: 4096

         Runtime: 31.9477  ms
          Memory: 62.6024 GiB/s

            Math: 275345 GFLOP/s



=============================
  Problem ID: 1

        Provider: [1;37mCUTLASS[0m
   OperationKind: [1;37mgemm[0m
       Operation: cutlass_tensorop_s16816gemm_f16_256x128_32x3_nt_align8

          Status: [1;37mSuccess[0m
    Verification: [1;37mON[0m
     Disposition: [1;32mPassed[0m

reference_device: Passed
          cuBLAS: Not run
           cuDNN: Not run

       Arguments: --gemm_kind=universal --m=16384 --n=16384 --k=16384 --A=f16:column --B=f16:row --C=f32:column --D=f32:column  \
                  --alpha=1 --beta=0 --split_k_mode=serial --split_k_slices=1 --batch_count=1 --raster_order=heuristic  \
                  --runtime_input_datatype_a=invalid --runtime_input_datatype_b=invalid --use_pdl=false --enable_sm90_mixed_dtype_shuffle_test=false  \
                  --swizzle_size=1 --op_class=tensorop --accum=f32 --cta_m=256 --cta_n=128 --cta_k=32 --cluster_m=1 --cluster_n=1  \
                  --cluster_k=1 --cluster_m_fallback=1 --cluster_n_fallback=1 --cluster_k_fallback=1 --stages=3 --warps_m=4  \
                  --warps_n=2 --warps_k=1 --inst_m=16 --inst_n=8 --inst_k=16 --min_cc=80 --max_cc=1024

           Bytes: 2147483648  bytes
           FLOPs: 8796629893120  flops
           FLOPs/Byte: 4096

         Runtime: 16.3245  ms
          Memory: 122.515 GiB/s

            Math: 538860 GFLOP/s


=============================

CSV Results:

Problem,Provider,OperationKind,Operation,Disposition,Status,gemm_kind,m,n,k,A,B,C,D,alpha,beta,split_k_mode,split_k_slices,batch_count,raster_order,runtime_input_datatype_a,runtime_input_datatype_b,use_pdl,enable_sm90_mixed_dtype_shuffle_test,swizzle_size,op_class,accum,cta_m,cta_n,cta_k,cluster_m,cluster_n,cluster_k,cluster_m_fallback,cluster_n_fallback,cluster_k_fallback,stages,warps_m,warps_n,warps_k,inst_m,inst_n,inst_k,min_cc,max_cc,Bytes,Flops,Flops/Byte,Runtime,GB/s,GFLOPs
1,CUTLASS,gemm,cutlass_tensorop_s1688gemm_f16_256x128_32x2_nt_align8,passed,success,universal,16384,16384,16384,f16:column,f16:row,f32:column,f32:column,1,0,serial,1,1,heuristic,invalid,invalid,false,false,1,tensorop,f32,256,128,32,1,1,1,1,1,1,2,4,2,1,16,8,8,75,1024,2147483648,8796629893120,4096,31.9477,62.6024,275345
1,CUTLASS,gemm,cutlass_tensorop_s16816gemm_f16_256x128_32x3_nt_align8,passed,success,universal,16384,16384,16384,f16:column,f16:row,f32:column,f32:column,1,0,serial,1,1,heuristic,invalid,invalid,false,false,1,tensorop,f32,256,128,32,1,1,1,1,1,1,3,4,2,1,16,8,16,80,1024,2147483648,8796629893120,4096,16.3245,122.515,538860



=============================
  Problem ID: 1

        Provider: [1;37mCUTLASS[0m
   OperationKind: [1;37mgemm[0m
       Operation: cutlass_tensorop_s1688gemm_f16_256x128_32x2_nt_align8

          Status: [1;37mSuccess[0m
    Verification: [1;37mON[0m
     Disposition: [1;32mPassed[0m

reference_device: Passed
          cuBLAS: Not run
           cuDNN: Not run

       Arguments: --gemm_kind=universal --m=16384 --n=16384 --k=16384 --A=f16:column --B=f16:row --C=f32:column --D=f32:column  \
                  --alpha=1 --beta=0 --split_k_mode=serial --split_k_slices=1 --batch_count=1 --raster_order=heuristic  \
                  --runtime_input_datatype_a=invalid --runtime_input_datatype_b=invalid --use_pdl=false --enable_sm90_mixed_dtype_shuffle_test=false  \
                  --swizzle_size=1 --op_class=tensorop --accum=f32 --cta_m=256 --cta_n=128 --cta_k=32 --cluster_m=1 --cluster_n=1  \
                  --cluster_k=1 --cluster_m_fallback=1 --cluster_n_fallback=1 --cluster_k_fallback=1 --stages=2 --warps_m=4  \
                  --warps_n=2 --warps_k=1 --inst_m=16 --inst_n=8 --inst_k=8 --min_cc=75 --max_cc=1024

           Bytes: 2147483648  bytes
           FLOPs: 8796629893120  flops
           FLOPs/Byte: 4096

         Runtime: 31.9475  ms
          Memory: 62.6026 GiB/s

            Math: 275346 GFLOP/s



=============================
  Problem ID: 1

        Provider: [1;37mCUTLASS[0m
   OperationKind: [1;37mgemm[0m
       Operation: cutlass_tensorop_s16816gemm_f16_256x128_32x3_nt_align8

          Status: [1;37mSuccess[0m
    Verification: [1;37mON[0m
     Disposition: [1;32mPassed[0m

reference_device: Passed
          cuBLAS: Not run
           cuDNN: Not run

       Arguments: --gemm_kind=universal --m=16384 --n=16384 --k=16384 --A=f16:column --B=f16:row --C=f32:column --D=f32:column  \
                  --alpha=1 --beta=0 --split_k_mode=serial --split_k_slices=1 --batch_count=1 --raster_order=heuristic  \
                  --runtime_input_datatype_a=invalid --runtime_input_datatype_b=invalid --use_pdl=false --enable_sm90_mixed_dtype_shuffle_test=false  \
                  --swizzle_size=1 --op_class=tensorop --accum=f32 --cta_m=256 --cta_n=128 --cta_k=32 --cluster_m=1 --cluster_n=1  \
                  --cluster_k=1 --cluster_m_fallback=1 --cluster_n_fallback=1 --cluster_k_fallback=1 --stages=3 --warps_m=4  \
                  --warps_n=2 --warps_k=1 --inst_m=16 --inst_n=8 --inst_k=16 --min_cc=80 --max_cc=1024

           Bytes: 2147483648  bytes
           FLOPs: 8796629893120  flops
           FLOPs/Byte: 4096

         Runtime: 16.3248  ms
          Memory: 122.513 GiB/s

            Math: 538852 GFLOP/s


=============================

CSV Results:

Problem,Provider,OperationKind,Operation,Disposition,Status,gemm_kind,m,n,k,A,B,C,D,alpha,beta,split_k_mode,split_k_slices,batch_count,raster_order,runtime_input_datatype_a,runtime_input_datatype_b,use_pdl,enable_sm90_mixed_dtype_shuffle_test,swizzle_size,op_class,accum,cta_m,cta_n,cta_k,cluster_m,cluster_n,cluster_k,cluster_m_fallback,cluster_n_fallback,cluster_k_fallback,stages,warps_m,warps_n,warps_k,inst_m,inst_n,inst_k,min_cc,max_cc,Bytes,Flops,Flops/Byte,Runtime,GB/s,GFLOPs
1,CUTLASS,gemm,cutlass_tensorop_s1688gemm_f16_256x128_32x2_nt_align8,passed,success,universal,16384,16384,16384,f16:column,f16:row,f32:column,f32:column,1,0,serial,1,1,heuristic,invalid,invalid,false,false,1,tensorop,f32,256,128,32,1,1,1,1,1,1,2,4,2,1,16,8,8,75,1024,2147483648,8796629893120,4096,31.9475,62.6026,275346
1,CUTLASS,gemm,cutlass_tensorop_s16816gemm_f16_256x128_32x3_nt_align8,passed,success,universal,16384,16384,16384,f16:column,f16:row,f32:column,f32:column,1,0,serial,1,1,heuristic,invalid,invalid,false,false,1,tensorop,f32,256,128,32,1,1,1,1,1,1,3,4,2,1,16,8,16,80,1024,2147483648,8796629893120,4096,16.3248,122.513,538852



=============================
  Problem ID: 1

        Provider: [1;37mCUTLASS[0m
   OperationKind: [1;37mgemm[0m
       Operation: cutlass_tensorop_s1688gemm_f16_256x128_32x2_nt_align8

          Status: [1;37mSuccess[0m
    Verification: [1;37mON[0m
     Disposition: [1;32mPassed[0m

reference_device: Passed
          cuBLAS: Not run
           cuDNN: Not run

       Arguments: --gemm_kind=universal --m=16384 --n=16384 --k=16384 --A=f16:column --B=f16:row --C=f32:column --D=f32:column  \
                  --alpha=1 --beta=0 --split_k_mode=serial --split_k_slices=1 --batch_count=1 --raster_order=heuristic  \
                  --runtime_input_datatype_a=invalid --runtime_input_datatype_b=invalid --use_pdl=false --enable_sm90_mixed_dtype_shuffle_test=false  \
                  --swizzle_size=1 --op_class=tensorop --accum=f32 --cta_m=256 --cta_n=128 --cta_k=32 --cluster_m=1 --cluster_n=1  \
                  --cluster_k=1 --cluster_m_fallback=1 --cluster_n_fallback=1 --cluster_k_fallback=1 --stages=2 --warps_m=4  \
                  --warps_n=2 --warps_k=1 --inst_m=16 --inst_n=8 --inst_k=8 --min_cc=75 --max_cc=1024

           Bytes: 2147483648  bytes
           FLOPs: 8796629893120  flops
           FLOPs/Byte: 4096

         Runtime: 31.9477  ms
          Memory: 62.6023 GiB/s

            Math: 275344 GFLOP/s



=============================
  Problem ID: 1

        Provider: [1;37mCUTLASS[0m
   OperationKind: [1;37mgemm[0m
       Operation: cutlass_tensorop_s16816gemm_f16_256x128_32x3_nt_align8

          Status: [1;37mSuccess[0m
    Verification: [1;37mON[0m
     Disposition: [1;32mPassed[0m

reference_device: Passed
          cuBLAS: Not run
           cuDNN: Not run

       Arguments: --gemm_kind=universal --m=16384 --n=16384 --k=16384 --A=f16:column --B=f16:row --C=f32:column --D=f32:column  \
                  --alpha=1 --beta=0 --split_k_mode=serial --split_k_slices=1 --batch_count=1 --raster_order=heuristic  \
                  --runtime_input_datatype_a=invalid --runtime_input_datatype_b=invalid --use_pdl=false --enable_sm90_mixed_dtype_shuffle_test=false  \
                  --swizzle_size=1 --op_class=tensorop --accum=f32 --cta_m=256 --cta_n=128 --cta_k=32 --cluster_m=1 --cluster_n=1  \
                  --cluster_k=1 --cluster_m_fallback=1 --cluster_n_fallback=1 --cluster_k_fallback=1 --stages=3 --warps_m=4  \
                  --warps_n=2 --warps_k=1 --inst_m=16 --inst_n=8 --inst_k=16 --min_cc=80 --max_cc=1024

           Bytes: 2147483648  bytes
           FLOPs: 8796629893120  flops
           FLOPs/Byte: 4096

         Runtime: 16.3242  ms
          Memory: 122.518 GiB/s

            Math: 538872 GFLOP/s


=============================

CSV Results:

Problem,Provider,OperationKind,Operation,Disposition,Status,gemm_kind,m,n,k,A,B,C,D,alpha,beta,split_k_mode,split_k_slices,batch_count,raster_order,runtime_input_datatype_a,runtime_input_datatype_b,use_pdl,enable_sm90_mixed_dtype_shuffle_test,swizzle_size,op_class,accum,cta_m,cta_n,cta_k,cluster_m,cluster_n,cluster_k,cluster_m_fallback,cluster_n_fallback,cluster_k_fallback,stages,warps_m,warps_n,warps_k,inst_m,inst_n,inst_k,min_cc,max_cc,Bytes,Flops,Flops/Byte,Runtime,GB/s,GFLOPs
1,CUTLASS,gemm,cutlass_tensorop_s1688gemm_f16_256x128_32x2_nt_align8,passed,success,universal,16384,16384,16384,f16:column,f16:row,f32:column,f32:column,1,0,serial,1,1,heuristic,invalid,invalid,false,false,1,tensorop,f32,256,128,32,1,1,1,1,1,1,2,4,2,1,16,8,8,75,1024,2147483648,8796629893120,4096,31.9477,62.6023,275344
1,CUTLASS,gemm,cutlass_tensorop_s16816gemm_f16_256x128_32x3_nt_align8,passed,success,universal,16384,16384,16384,f16:column,f16:row,f32:column,f32:column,1,0,serial,1,1,heuristic,invalid,invalid,false,false,1,tensorop,f32,256,128,32,1,1,1,1,1,1,3,4,2,1,16,8,16,80,1024,2147483648,8796629893120,4096,16.3242,122.518,538872
